eventId,sesionId,codigo,ronda,fase,ts,tSesion,bloque,estimulo,pantalla,version,tipo,x,y,target,interactivo,zona,resultado,nClic,tTarea,valor,extra,ua,viewport
e1,,P01,,,t,,,,,,error,,,,,,,,,,"{""mensaje"": ""boom""}",,
289fbea6-ed7c-4c38-ad2c-dfbd20d21af4,8d8d0e3b-d30a-4cd1-a7d7-c9661f1fb03e,P05,1,1,2026-10-09T14:52:07.257Z,729,registro,,registro,U,session.start,,,,,,,,,,"{""ronda"": 1, ""provisional"": false}","Mozilla/5.0 (iPhone; CPU iPhone OS 18_7 like Mac OS X) AppleWebKit/605.1.15 (KHTML, like Gecko) Version/26.6.1 Mobile/15E148 Safari/604.1",390x699@3
f0cef24d-d601-45e2-9794-601fc46d6df0,8d8d0e3b-d30a-4cd1-a7d7-c9661f1fb03e,P05,1,1,2026-10-09T14:52:07.257Z,729,registro,,registro,U,consent,,,,,,,,,acepta,"{""graba"": ""No""}","Mozilla/5.0 (iPhone; CPU iPhone OS 18_7 like Mac OS X) AppleWebKit/605.1.15 (KHTML, like Gecko) Version/26.6.1 Mobile/15E148 Safari/604.1",390x699@3
ca0ce066-23df-4bca-95c0-44dc3ee9a3ef,8d8d0e3b-d30a-4cd1-a7d7-c9661f1fb03e,P05,1,1,2026-10-09T14:52:07.257Z,729,registro,,registro,U,phase.start,,,,,,,,,1,,"Mozilla/5.0 (iPhone; CPU iPhone OS 18_7 like Mac OS X) AppleWebKit/605.1.15 (KHTML, like Gecko) Version/26.6.1 Mobile/15E148 Safari/604.1",390x699@3
a3ab4bb7-0bcd-4427-b1af-f813ed90e514,8d8d0e3b-d30a-4cd1-a7d7-c9661f1fb03e,P05,1,1,2026-10-09T14:52:12.181Z,5653,contexto,edad,contexto,U,answer,,,,,,,,,64,,"Mozilla/5.0 (iPhone; CPU iPhone OS 18_7 like Mac OS X) AppleWebKit/605.1.15 (KHTML, like Gecko) Version/26.6.1 Mobile/15E148 Safari/604.1",390x693@3
5d4b55b2-f8a8-4bde-86be-9e88a9ba05b8,8d8d0e3b-d30a-4cd1-a7d7-c9661f1fb03e,P05,1,1,2026-10-09T14:52:14.513Z,7985,contexto,genero,contexto,U,answer,,,,,,,,,Hombre,,"Mozilla/5.0 (iPhone; CPU iPhone OS 18_7 like Mac OS X) AppleWebKit/605.1.15 (KHTML, like Gecko) Version/26.6.1 Mobile/15E148 Safari/604.1",390x699@3
f13f2d0e-530a-4135-9815-4658617a9dd2,8d8d0e3b-d30a-4cd1-a7d7-c9661f1fb03e,P05,1,1,2026-10-09T14:52:21.377Z,14849,contexto,C1,contexto,U,answer,,,,,,,,,Casi todos los días,,"Mozilla/5.0 (iPhone; CPU iPhone OS 18_7 like Mac OS X) AppleWebKit/605.1.15 (KHTML, like Gecko) Version/26.6.1 Mobile/15E148 Safari/604.1",390x699@3
d3d804ab-fc66-4577-a40c-c9abafa6899e,8d8d0e3b-d30a-4cd1-a7d7-c9661f1fb03e,P05,1,1,2026-10-09T14:52:30.289Z,23761,contexto,C2,contexto,U,answer,,,,,,,,,"Netflix, Prime, HBO",,"Mozilla/5.0 (iPhone; CPU iPhone OS 18_7 like Mac OS X) AppleWebKit/605.1.15 (KHTML, like Gecko) Version/26.6.1 Mobile/15E148 Safari/604.1",390x661@3
d61f9470-8db3-4631-adad-3a6521b8b501,8d8d0e3b-d30a-4cd1-a7d7-c9661f1fb03e,P05,1,1,2026-10-09T14:52:38.807Z,32280,contexto,C3,contexto,U,answer,,,,,,,,,Recomendaciones del servicio ,,"Mozilla/5.0 (iPhone; CPU iPhone OS 18_7 like Mac OS X) AppleWebKit/605.1.15 (KHTML, like Gecko) Version/26.6.1 Mobile/15E148 Safari/604.1",390x661@3
8d9f66cc-df39-44f1-abe1-487488736731,8d8d0e3b-d30a-4cd1-a7d7-c9661f1fb03e,P05,1,1,2026-10-09T14:52:43.431Z,36903,contexto,C4,contexto,U,answer,,,,,,,,,No,,"Mozilla/5.0 (iPhone; CPU iPhone OS 18_7 like Mac OS X) AppleWebKit/605.1.15 (KHTML, like Gecko) Version/26.6.1 Mobile/15E148 Safari/604.1",390x699@3
ac747dca-8d15-4907-bc66-d661f877e537,8d8d0e3b-d30a-4cd1-a7d7-c9661f1fb03e,P05,1,1,2026-10-09T14:52:51.915Z,45387,contexto,C5,contexto,U,answer,,,,,,,,,Medianamente,,"Mozilla/5.0 (iPhone; CPU iPhone OS 18_7 like Mac OS X) AppleWebKit/605.1.15 (KHTML, like Gecko) Version/26.6.1 Mobile/15E148 Safari/604.1",390x699@3
f09cc35b-fdc8-4225-9ddf-66603384cecb,8d8d0e3b-d30a-4cd1-a7d7-c9661f1fb03e,P05,1,1,2026-10-09T14:52:55.829Z,49301,cinco-seg,S02,S02,A,task.start,,,,,,,,,,"{""prueba"": ""5 segundos""}","Mozilla/5.0 (iPhone; CPU iPhone OS 18_7 like Mac OS X) AppleWebKit/605.1.15 (KHTML, like Gecko) Version/26.6.1 Mobile/15E148 Safari/604.1",390x699@3
97d8f5ad-48d9-4a48-8cee-4f8c0f78ff31,8d8d0e3b-d30a-4cd1-a7d7-c9661f1fb03e,P05,1,1,2026-10-09T14:53:01.314Z,54786,cinco-seg,S02,S02,A,action,,,,,,,,,estimulo.5s,"{""realMs"": 5452, ""pantalla"": ""S02""}","Mozilla/5.0 (iPhone; CPU iPhone OS 18_7 like Mac OS X) AppleWebKit/605.1.15 (KHTML, like Gecko) Version/26.6.1 Mobile/15E148 Safari/604.1",390x699@3
c4e5c636-eae1-45a5-8f94-9f3eb070ea7c,8d8d0e3b-d30a-4cd1-a7d7-c9661f1fb03e,P05,1,1,2026-10-09T14:53:17.874Z,71347,cinco-seg,S02,S02,A,answer,,,,,,,,,"El porcentaje y los botones inferiores, lo demas era muy pequeño","{""q"": ""P1""}","Mozilla/5.0 (iPhone; CPU iPhone OS 18_7 like Mac OS X) AppleWebKit/605.1.15 (KHTML, like Gecko) Version/26.6.1 Mobile/15E148 Safari/604.1",390x681@3
67f7acc3-056b-4d99-9617-b74d488360fb,8d8d0e3b-d30a-4cd1-a7d7-c9661f1fb03e,P05,1,1,2026-10-09T14:53:47.112Z,100584,cinco-seg,S02,S02,A,answer,,,,,,,,,Lectura de afinidad con algo,"{""q"": ""P2""}","Mozilla/5.0 (iPhone; CPU iPhone OS 18_7 like Mac OS X) AppleWebKit/605.1.15 (KHTML, like Gecko) Version/26.6.1 Mobile/15E148 Safari/604.1",390x655@3
1f2b1336-d1cd-4291-b863-f7818bf7cdc2,8d8d0e3b-d30a-4cd1-a7d7-c9661f1fb03e,P05,1,1,2026-10-09T14:53:54.402Z,107874,cinco-seg,S02,S02,A,answer,,,,,,,,,Leer todo,"{""q"": ""P3""}","Mozilla/5.0 (iPhone; CPU iPhone OS 18_7 like Mac OS X) AppleWebKit/605.1.15 (KHTML, like Gecko) Version/26.6.1 Mobile/15E148 Safari/604.1",390x655@3
6e94971d-8d2b-46a9-aeb2-0f8647ea91c2,8d8d0e3b-d30a-4cd1-a7d7-c9661f1fb03e,P05,1,1,2026-10-09T14:53:59.601Z,113074,cinco-seg,S02,S02,A,answer,,,,,,,,,3,"{""q"": ""P4""}","Mozilla/5.0 (iPhone; CPU iPhone OS 18_7 like Mac OS X) AppleWebKit/605.1.15 (KHTML, like Gecko) Version/26.6.1 Mobile/15E148 Safari/604.1",390x699@3
08760b3d-bb30-4aae-a066-4eb5f56d236f,8d8d0e3b-d30a-4cd1-a7d7-c9661f1fb03e,P05,1,1,2026-10-09T14:54:14.096Z,127568,cinco-seg,S02,S02,A,answer,,,,,,,,,Demasiada Información ,"{""q"": ""P5""}","Mozilla/5.0 (iPhone; CPU iPhone OS 18_7 like Mac OS X) AppleWebKit/605.1.15 (KHTML, like Gecko) Version/26.6.1 Mobile/15E148 Safari/604.1",390x687@3
44379a8a-5f2a-424f-8c17-feb469df35e0,8d8d0e3b-d30a-4cd1-a7d7-c9661f1fb03e,P05,1,1,2026-10-09T14:54:18.634Z,132109,cinco-seg,S02,S02,A,answer,26.5,38,5s.punto,,,,,,"punto:26.5,38.0",,"Mozilla/5.0 (iPhone; CPU iPhone OS 18_7 like Mac OS X) AppleWebKit/605.1.15 (KHTML, like Gecko) Version/26.6.1 Mobile/15E148 Safari/604.1",390x699@3
cbd66ba5-0d00-4af2-befc-4102a707349e,8d8d0e3b-d30a-4cd1-a7d7-c9661f1fb03e,P05,1,1,2026-10-09T14:54:21.066Z,134538,cinco-seg,S02,S02,A,answer,81.2,94,5s.punto,,,,,,"punto:81.2,94.0",,"Mozilla/5.0 (iPhone; CPU iPhone OS 18_7 like Mac OS X) AppleWebKit/605.1.15 (KHTML, like Gecko) Version/26.6.1 Mobile/15E148 Safari/604.1",390x699@3
b9e5a867-2f21-4b1d-8ea2-8f04c7780b48,8d8d0e3b-d30a-4cd1-a7d7-c9661f1fb03e,P05,1,1,2026-10-09T14:54:23.615Z,137087,cinco-seg,S02,S02,A,answer,80.2,81.9,5s.punto,,,,,,"punto:80.2,81.9",,"Mozilla/5.0 (iPhone; CPU iPhone OS 18_7 like Mac OS X) AppleWebKit/605.1.15 (KHTML, like Gecko) Version/26.6.1 Mobile/15E148 Safari/604.1",390x699@3
d4fe57ca-b61b-46a8-ba36-7083fc08549a,8d8d0e3b-d30a-4cd1-a7d7-c9661f1fb03e,P05,1,1,2026-10-09T14:54:25.065Z,138537,cinco-seg,S02,S02,A,answer,26.2,37.3,5s.punto,,,,,,"punto:26.2,37.3",,"Mozilla/5.0 (iPhone; CPU iPhone OS 18_7 like Mac OS X) AppleWebKit/605.1.15 (KHTML, like Gecko) Version/26.6.1 Mobile/15E148 Safari/604.1",390x699@3
2557f43e-097f-49ce-9883-61b0e9df98c5,8d8d0e3b-d30a-4cd1-a7d7-c9661f1fb03e,P05,1,1,2026-10-09T14:54:25.852Z,139325,cinco-seg,S02,S02,A,task.end,,,,,,,,,ok,,"Mozilla/5.0 (iPhone; CPU iPhone OS 18_7 like Mac OS X) AppleWebKit/605.1.15 (KHTML, like Gecko) Version/26.6.1 Mobile/15E148 Safari/604.1",390x699@3
f87fc052-8b2c-4b9e-8a4a-ecf986addf00,8d8d0e3b-d30a-4cd1-a7d7-c9661f1fb03e,P05,1,1,2026-10-09T14:54:27.871Z,141344,cinco-seg,S04,S04,A,task.start,,,,,,,,,,"{""prueba"": ""5 segundos""}","Mozilla/5.0 (iPhone; CPU iPhone OS 18_7 like Mac OS X) AppleWebKit/605.1.15 (KHTML, like Gecko) Version/26.6.1 Mobile/15E148 Safari/604.1",390x699@3
b55541dd-dbf2-46ff-97a0-7a1102cfb026,8d8d0e3b-d30a-4cd1-a7d7-c9661f1fb03e,P05,1,1,2026-10-09T14:54:33.340Z,146813,cinco-seg,S04,S04,A,action,,,,,,,,,estimulo.5s,"{""realMs"": 5452, ""pantalla"": ""S04""}","Mozilla/5.0 (iPhone; CPU iPhone OS 18_7 like Mac OS X) AppleWebKit/605.1.15 (KHTML, like Gecko) Version/26.6.1 Mobile/15E148 Safari/604.1",390x699@3
39d9709c-b9af-44da-b4b8-e2e54acdeba8,8d8d0e3b-d30a-4cd1-a7d7-c9661f1fb03e,P05,1,1,2026-10-09T14:54:50.867Z,164339,cinco-seg,S04,S04,A,answer,,,,,,,,,Recuerdo que se refería a la película Interstellar,"{""q"": ""P1""}","Mozilla/5.0 (iPhone; CPU iPhone OS 18_7 like Mac OS X) AppleWebKit/605.1.15 (KHTML, like Gecko) Version/26.6.1 Mobile/15E148 Safari/604.1",390x681@3
b4d020f0-5d77-4397-b2f2-f4c2c7bd9824,8d8d0e3b-d30a-4cd1-a7d7-c9661f1fb03e,P05,1,1,2026-10-09T14:54:56.498Z,169971,cinco-seg,S04,S04,A,answer,,,,,,,,,Muestra una pelicula,"{""q"": ""P2""}","Mozilla/5.0 (iPhone; CPU iPhone OS 18_7 like Mac OS X) AppleWebKit/605.1.15 (KHTML, like Gecko) Version/26.6.1 Mobile/15E148 Safari/604.1",390x655@3
490de693-4d60-4469-a825-560daa9ce65d,8d8d0e3b-d30a-4cd1-a7d7-c9661f1fb03e,P05,1,1,2026-10-09T14:55:00.330Z,173803,cinco-seg,S04,S04,A,answer,,,,,,,,,Leer,"{""q"": ""P3""}","Mozilla/5.0 (iPhone; CPU iPhone OS 18_7 like Mac OS X) AppleWebKit/605.1.15 (KHTML, like Gecko) Version/26.6.1 Mobile/15E148 Safari/604.1",390x655@3
7796fa64-66e2-410e-b48a-6c133dcb2cea,8d8d0e3b-d30a-4cd1-a7d7-c9661f1fb03e,P05,1,1,2026-10-09T14:55:03.442Z,176915,cinco-seg,S04,S04,A,answer,,,,,,,,,5,"{""q"": ""P4""}","Mozilla/5.0 (iPhone; CPU iPhone OS 18_7 like Mac OS X) AppleWebKit/605.1.15 (KHTML, like Gecko) Version/26.6.1 Mobile/15E148 Safari/604.1",390x699@3
f20a31ae-d06a-43cd-a12f-1818c8116896,8d8d0e3b-d30a-4cd1-a7d7-c9661f1fb03e,P05,1,1,2026-10-09T14:55:11.424Z,184897,cinco-seg,S04,S04,A,answer,,,,,,,,,Mejor,"{""q"": ""P5""}","Mozilla/5.0 (iPhone; CPU iPhone OS 18_7 like Mac OS X) AppleWebKit/605.1.15 (KHTML, like Gecko) Version/26.6.1 Mobile/15E148 Safari/604.1",390x687@3
e424e90a-1feb-4082-8c3a-762dcb553d93,8d8d0e3b-d30a-4cd1-a7d7-c9661f1fb03e,P05,1,1,2026-10-09T14:55:17.043Z,190516,cinco-seg,S04,S04,A,answer,34.7,62.2,5s.punto,,,,,,"punto:34.7,62.2",,"Mozilla/5.0 (iPhone; CPU iPhone OS 18_7 like Mac OS X) AppleWebKit/605.1.15 (KHTML, like Gecko) Version/26.6.1 Mobile/15E148 Safari/604.1",390x699@3
754fd2d7-8802-44d9-a476-63ac074e594b,8d8d0e3b-d30a-4cd1-a7d7-c9661f1fb03e,P05,1,1,2026-10-09T14:55:17.736Z,191209,cinco-seg,S04,S04,A,task.end,,,,,,,,,ok,,"Mozilla/5.0 (iPhone; CPU iPhone OS 18_7 like Mac OS X) AppleWebKit/605.1.15 (KHTML, like Gecko) Version/26.6.1 Mobile/15E148 Safari/604.1",390x699@3
720a8a61-02ec-4f4a-a6e1-44ae5001b29e,8d8d0e3b-d30a-4cd1-a7d7-c9661f1fb03e,P05,1,1,2026-10-09T14:55:19.438Z,192911,cinco-seg,S05,S05,A,task.start,,,,,,,,,,"{""prueba"": ""5 segundos""}","Mozilla/5.0 (iPhone; CPU iPhone OS 18_7 like Mac OS X) AppleWebKit/605.1.15 (KHTML, like Gecko) Version/26.6.1 Mobile/15E148 Safari/604.1",390x699@3
e1f7ee09-913b-4c06-ac62-bb704acb4106,8d8d0e3b-d30a-4cd1-a7d7-c9661f1fb03e,P05,1,1,2026-10-09T14:55:24.911Z,198384,cinco-seg,S05,S05,A,action,,,,,,,,,estimulo.5s,"{""realMs"": 5451, ""pantalla"": ""S05""}","Mozilla/5.0 (iPhone; CPU iPhone OS 18_7 like Mac OS X) AppleWebKit/605.1.15 (KHTML, like Gecko) Version/26.6.1 Mobile/15E148 Safari/604.1",390x699@3
42bd18ae-f9aa-4f1d-9a7f-8e140e39718c,8d8d0e3b-d30a-4cd1-a7d7-c9661f1fb03e,P05,1,1,2026-10-09T14:55:46.108Z,219581,cinco-seg,S05,S05,A,answer,,,,,,,,,"Lentas y Melancólicas. Relacionado a mazos, asumo, de cartas","{""q"": ""P1""}","Mozilla/5.0 (iPhone; CPU iPhone OS 18_7 like Mac OS X) AppleWebKit/605.1.15 (KHTML, like Gecko) Version/26.6.1 Mobile/15E148 Safari/604.1",390x681@3
2410ecb2-9c61-4051-94c0-3ed6a879f07c,8d8d0e3b-d30a-4cd1-a7d7-c9661f1fb03e,P05,1,1,2026-10-09T14:56:02.887Z,236360,cinco-seg,S05,S05,A,answer,,,,,,,,,Categorías de peliculas con una temática,"{""q"": ""P2""}","Mozilla/5.0 (iPhone; CPU iPhone OS 18_7 like Mac OS X) AppleWebKit/605.1.15 (KHTML, like Gecko) Version/26.6.1 Mobile/15E148 Safari/604.1",390x655@3
7a474ddb-3de0-49de-beb6-f6a6b3e14fa1,8d8d0e3b-d30a-4cd1-a7d7-c9661f1fb03e,P05,1,1,2026-10-09T14:56:07.471Z,240944,cinco-seg,S05,S05,A,answer,,,,,,,,,Leer,"{""q"": ""P3""}","Mozilla/5.0 (iPhone; CPU iPhone OS 18_7 like Mac OS X) AppleWebKit/605.1.15 (KHTML, like Gecko) Version/26.6.1 Mobile/15E148 Safari/604.1",390x655@3
b4724b56-5d5d-458c-ace9-5ea1ad904fad,8d8d0e3b-d30a-4cd1-a7d7-c9661f1fb03e,P05,1,1,2026-10-09T14:56:09.612Z,243085,cinco-seg,S05,S05,A,answer,,,,,,,,,6,"{""q"": ""P4""}","Mozilla/5.0 (iPhone; CPU iPhone OS 18_7 like Mac OS X) AppleWebKit/605.1.15 (KHTML, like Gecko) Version/26.6.1 Mobile/15E148 Safari/604.1",390x699@3
7308e222-22e7-47e8-966b-a8383274c16d,8d8d0e3b-d30a-4cd1-a7d7-c9661f1fb03e,P05,1,1,2026-10-09T14:56:18.978Z,252451,cinco-seg,S05,S05,A,answer,,,,,,,,,Clara,"{""q"": ""P5""}","Mozilla/5.0 (iPhone; CPU iPhone OS 18_7 like Mac OS X) AppleWebKit/605.1.15 (KHTML, like Gecko) Version/26.6.1 Mobile/15E148 Safari/604.1",390x687@3
66d41a99-4ca6-41dc-9f08-2c831e86b69a,8d8d0e3b-d30a-4cd1-a7d7-c9661f1fb03e,P05,1,1,2026-10-09T14:56:21.148Z,254621,cinco-seg,S05,S05,A,answer,35,30.8,5s.punto,,,,,,"punto:35.0,30.8",,"Mozilla/5.0 (iPhone; CPU iPhone OS 18_7 like Mac OS X) AppleWebKit/605.1.15 (KHTML, like Gecko) Version/26.6.1 Mobile/15E148 Safari/604.1",390x699@3
086dcbb5-8e6b-4b1f-8518-bb384c9402eb,8d8d0e3b-d30a-4cd1-a7d7-c9661f1fb03e,P05,1,1,2026-10-09T14:56:22.078Z,255551,cinco-seg,S05,S05,A,task.end,,,,,,,,,ok,,"Mozilla/5.0 (iPhone; CPU iPhone OS 18_7 like Mac OS X) AppleWebKit/605.1.15 (KHTML, like Gecko) Version/26.6.1 Mobile/15E148 Safari/604.1",390x699@3
b64fd5d2-05fc-4989-b285-919166f89784,8d8d0e3b-d30a-4cd1-a7d7-c9661f1fb03e,P05,1,1,2026-10-09T14:56:23.725Z,257199,cinco-seg,S03,S03,A,task.start,,,,,,,,,,"{""prueba"": ""5 segundos""}","Mozilla/5.0 (iPhone; CPU iPhone OS 18_7 like Mac OS X) AppleWebKit/605.1.15 (KHTML, like Gecko) Version/26.6.1 Mobile/15E148 Safari/604.1",390x699@3
6b03aba0-b627-4e55-a3ea-850a19068d75,8d8d0e3b-d30a-4cd1-a7d7-c9661f1fb03e,P05,1,1,2026-10-09T14:56:29.188Z,262661,cinco-seg,S03,S03,A,action,,,,,,,,,estimulo.5s,"{""realMs"": 5451, ""pantalla"": ""S03""}","Mozilla/5.0 (iPhone; CPU iPhone OS 18_7 like Mac OS X) AppleWebKit/605.1.15 (KHTML, like Gecko) Version/26.6.1 Mobile/15E148 Safari/604.1",390x699@3
f31e8cc8-992b-4d70-8289-19be3646937c,8d8d0e3b-d30a-4cd1-a7d7-c9661f1fb03e,P05,1,1,2026-10-09T14:56:49.246Z,282720,cinco-seg,S03,S03,A,answer,,,,,,,,,Las tres categorías ,"{""q"": ""P1""}","Mozilla/5.0 (iPhone; CPU iPhone OS 18_7 like Mac OS X) AppleWebKit/605.1.15 (KHTML, like Gecko) Version/26.6.1 Mobile/15E148 Safari/604.1",390x681@3
094c586f-4dec-43ba-8101-4d17ab5be36a,8d8d0e3b-d30a-4cd1-a7d7-c9661f1fb03e,P05,1,1,2026-10-09T14:56:54.947Z,288421,cinco-seg,S03,S03,A,answer,,,,,,,,,Calificar pelicula,"{""q"": ""P2""}","Mozilla/5.0 (iPhone; CPU iPhone OS 18_7 like Mac OS X) AppleWebKit/605.1.15 (KHTML, like Gecko) Version/26.6.1 Mobile/15E148 Safari/604.1",390x655@3
9032afc7-53c4-44f3-add3-2eec9f7c898f,8d8d0e3b-d30a-4cd1-a7d7-c9661f1fb03e,P05,1,1,2026-10-09T14:56:57.665Z,291139,cinco-seg,S03,S03,A,answer,,,,,,,,,Leer,"{""q"": ""P3""}","Mozilla/5.0 (iPhone; CPU iPhone OS 18_7 like Mac OS X) AppleWebKit/605.1.15 (KHTML, like Gecko) Version/26.6.1 Mobile/15E148 Safari/604.1",390x655@3
0d2b4093-5099-4682-a2b0-4b4b0d347ce4,8d8d0e3b-d30a-4cd1-a7d7-c9661f1fb03e,P05,1,1,2026-10-09T14:57:00.147Z,293621,cinco-seg,S03,S03,A,answer,,,,,,,,,5,"{""q"": ""P4""}","Mozilla/5.0 (iPhone; CPU iPhone OS 18_7 like Mac OS X) AppleWebKit/605.1.15 (KHTML, like Gecko) Version/26.6.1 Mobile/15E148 Safari/604.1",390x699@3
31251f58-4ba3-4d3d-9728-594274b81f6a,8d8d0e3b-d30a-4cd1-a7d7-c9661f1fb03e,P05,1,1,2026-10-09T14:57:05.095Z,298569,cinco-seg,S03,S03,A,answer,,,,,,,,,Sencilla,"{""q"": ""P5""}","Mozilla/5.0 (iPhone; CPU iPhone OS 18_7 like Mac OS X) AppleWebKit/605.1.15 (KHTML, like Gecko) Version/26.6.1 Mobile/15E148 Safari/604.1",390x687@3
b3b585f5-65b7-4168-8415-61c446074925,8d8d0e3b-d30a-4cd1-a7d7-c9661f1fb03e,P05,1,1,2026-10-09T14:57:06.832Z,300306,cinco-seg,S03,S03,A,answer,55.5,59.8,5s.punto,,,,,,"punto:55.5,59.8",,"Mozilla/5.0 (iPhone; CPU iPhone OS 18_7 like Mac OS X) AppleWebKit/605.1.15 (KHTML, like Gecko) Version/26.6.1 Mobile/15E148 Safari/604.1",390x699@3
1a05ed86-21fd-4a50-845e-e0e6aa943004,8d8d0e3b-d30a-4cd1-a7d7-c9661f1fb03e,P05,1,1,2026-10-09T14:57:07.431Z,300905,cinco-seg,S03,S03,A,task.end,,,,,,,,,ok,,"Mozilla/5.0 (iPhone; CPU iPhone OS 18_7 like Mac OS X) AppleWebKit/605.1.15 (KHTML, like Gecko) Version/26.6.1 Mobile/15E148 Safari/604.1",390x699@3
07163d50-789f-4a45-b401-255ba5c4eea9,8d8d0e3b-d30a-4cd1-a7d7-c9661f1fb03e,P05,1,1,2026-10-09T14:57:13.360Z,306834,cards,C2,S02,A,task.start,,,,,,,,,,"{""face"": ""reverso"", ""film"": ""interstellar"", ""prueba"": ""5 s – Cards""}","Mozilla/5.0 (iPhone; CPU iPhone OS 18_7 like Mac OS X) AppleWebKit/605.1.15 (KHTML, like Gecko) Version/26.6.1 Mobile/15E148 Safari/604.1",390x699@3
1d832f18-638b-4499-b508-a6f9fd3fed45,8d8d0e3b-d30a-4cd1-a7d7-c9661f1fb03e,P05,1,1,2026-10-09T14:57:18.822Z,312296,cards,C2,S02,A,action,,,,,,,,,estimulo.5s,"{""card"": ""C2"", ""realMs"": 5451}","Mozilla/5.0 (iPhone; CPU iPhone OS 18_7 like Mac OS X) AppleWebKit/605.1.15 (KHTML, like Gecko) Version/26.6.1 Mobile/15E148 Safari/604.1",390x699@3
921ff25c-6e3f-461d-aa1e-2708f3d5272e,8d8d0e3b-d30a-4cd1-a7d7-c9661f1fb03e,P05,1,1,2026-10-09T14:57:20.876Z,314349,cards,C2,S02,A,answer,,,,,,,,,Sí,"{""q"": ""C0""}","Mozilla/5.0 (iPhone; CPU iPhone OS 18_7 like Mac OS X) AppleWebKit/605.1.15 (KHTML, like Gecko) Version/26.6.1 Mobile/15E148 Safari/604.1",390x699@3
b3d8924a-860b-4666-ae58-02ccdbcde6ea,8d8d0e3b-d30a-4cd1-a7d7-c9661f1fb03e,P05,1,1,2026-10-09T14:57:23.260Z,316732,cards,C2,S02,A,answer,,,,,,,,,"{""op"":""Póster / imagen principal""}","{""q"": ""C1""}","Mozilla/5.0 (iPhone; CPU iPhone OS 18_7 like Mac OS X) AppleWebKit/605.1.15 (KHTML, like Gecko) Version/26.6.1 Mobile/15E148 Safari/604.1",390x699@3
50cd8259-d225-4a07-aa36-14fcf703ac2e,8d8d0e3b-d30a-4cd1-a7d7-c9661f1fb03e,P05,1,1,2026-10-09T14:57:27.633Z,321103,cards,C2,S02,A,answer,,,,,,,,,Espacio,"{""q"": ""C3""}","Mozilla/5.0 (iPhone; CPU iPhone OS 18_7 like Mac OS X) AppleWebKit/605.1.15 (KHTML, like Gecko) Version/26.6.1 Mobile/15E148 Safari/604.1",390x681@3
72f1b672-9aa1-474d-8f90-ca545f98b93e,8d8d0e3b-d30a-4cd1-a7d7-c9661f1fb03e,P05,1,1,2026-10-09T14:57:32.306Z,325774,cards,C2,S02,A,answer,,,,,,,,,4,"{""q"": ""C4""}","Mozilla/5.0 (iPhone; CPU iPhone OS 18_7 like Mac OS X) AppleWebKit/605.1.15 (KHTML, like Gecko) Version/26.6.1 Mobile/15E148 Safari/604.1",390x699@3
90490baf-b161-43e5-b32e-82e35bf7662c,8d8d0e3b-d30a-4cd1-a7d7-c9661f1fb03e,P05,1,1,2026-10-09T14:57:40.370Z,333837,cards,C2,S02,A,answer,,,,,,,,,No lo se,"{""q"": ""C5""}","Mozilla/5.0 (iPhone; CPU iPhone OS 18_7 like Mac OS X) AppleWebKit/605.1.15 (KHTML, like Gecko) Version/26.6.1 Mobile/15E148 Safari/604.1",390x655@3
14daad33-07a9-4ccc-9def-f3888bfe1b04,8d8d0e3b-d30a-4cd1-a7d7-c9661f1fb03e,P05,1,1,2026-10-09T14:57:48.368Z,341834,cards,C2,S02,A,answer,,,,,,,,,Mas tiempo para leer todo,"{""q"": ""C6""}","Mozilla/5.0 (iPhone; CPU iPhone OS 18_7 like Mac OS X) AppleWebKit/605.1.15 (KHTML, like Gecko) Version/26.6.1 Mobile/15E148 Safari/604.1",390x655@3
1995a95f-d132-4a3a-b75e-d67d65bb57ab,8d8d0e3b-d30a-4cd1-a7d7-c9661f1fb03e,P05,1,1,2026-10-09T14:57:48.380Z,341845,cards,C2,S02.flipped,A,screen.view,,,,,,,,,,"{""flujo"": ""Descubrir: explorar y guardar""}","Mozilla/5.0 (iPhone; CPU iPhone OS 18_7 like Mac OS X) AppleWebKit/605.1.15 (KHTML, like Gecko) Version/26.6.1 Mobile/15E148 Safari/604.1",390x655@3
2a6d037b-f8e5-4960-a46d-84b8c7da1517,8d8d0e3b-d30a-4cd1-a7d7-c9661f1fb03e,P05,1,1,2026-10-09T14:57:51.913Z,345378,cards,C2,S02.flipped,A,tap,57.9,43.6,S02.card,true,,Sin zona definida,1,3.5,,,"Mozilla/5.0 (iPhone; CPU iPhone OS 18_7 like Mac OS X) AppleWebKit/605.1.15 (KHTML, like Gecko) Version/26.6.1 Mobile/15E148 Safari/604.1",390x699@3
680d4fcf-d08e-4695-9c5b-c390149a2058,8d8d0e3b-d30a-4cd1-a7d7-c9661f1fb03e,P05,1,1,2026-10-09T14:57:51.914Z,345379,cards,C2,S02.flipped,A,action,,,,,,,,,card.flip,"{""to"": false, ""film"": ""interstellar""}","Mozilla/5.0 (iPhone; CPU iPhone OS 18_7 like Mac OS X) AppleWebKit/605.1.15 (KHTML, like Gecko) Version/26.6.1 Mobile/15E148 Safari/604.1",390x699@3
c57eca06-6234-4470-930f-d231705d172e,8d8d0e3b-d30a-4cd1-a7d7-c9661f1fb03e,P05,1,1,2026-10-09T14:57:51.916Z,345382,cards,C2,S02,A,screen.view,,,,,,,,,,"{""flujo"": ""Descubrir: explorar y guardar""}","Mozilla/5.0 (iPhone; CPU iPhone OS 18_7 like Mac OS X) AppleWebKit/605.1.15 (KHTML, like Gecko) Version/26.6.1 Mobile/15E148 Safari/604.1",390x699@3
1085c54e-d832-469e-924e-277679b1989f,8d8d0e3b-d30a-4cd1-a7d7-c9661f1fb03e,P05,1,1,2026-10-09T14:57:52.848Z,346313,cards,C2,S02,A,tap,68.8,54,S02.card,true,,Sin zona definida,2,4.4,,,"Mozilla/5.0 (iPhone; CPU iPhone OS 18_7 like Mac OS X) AppleWebKit/605.1.15 (KHTML, like Gecko) Version/26.6.1 Mobile/15E148 Safari/604.1",390x699@3
69858d6f-9a35-4b8f-a801-db078b629f81,8d8d0e3b-d30a-4cd1-a7d7-c9661f1fb03e,P05,1,1,2026-10-09T14:57:52.849Z,346314,cards,C2,S02,A,action,,,,,,,,,card.flip,"{""to"": true, ""film"": ""interstellar""}","Mozilla/5.0 (iPhone; CPU iPhone OS 18_7 like Mac OS X) AppleWebKit/605.1.15 (KHTML, like Gecko) Version/26.6.1 Mobile/15E148 Safari/604.1",390x699@3
621b0deb-f8e3-4123-b798-57346227fed7,8d8d0e3b-d30a-4cd1-a7d7-c9661f1fb03e,P05,1,1,2026-10-09T14:57:52.851Z,346316,cards,C2,S02.flipped,A,screen.view,,,,,,,,,,"{""flujo"": ""Descubrir: explorar y guardar""}","Mozilla/5.0 (iPhone; CPU iPhone OS 18_7 like Mac OS X) AppleWebKit/605.1.15 (KHTML, like Gecko) Version/26.6.1 Mobile/15E148 Safari/604.1",390x699@3
0845c008-a259-4f2b-abff-ba8b1393fd3f,8d8d0e3b-d30a-4cd1-a7d7-c9661f1fb03e,P05,1,1,2026-10-09T14:57:58.329Z,351794,cards,C2,S02.flipped,A,drag,73.8,60.6,S02.card,true,,Sin zona definida,3,8.7,derecha,"{""dx"": 3, ""dy"": 3, ""ms"": 1270}","Mozilla/5.0 (iPhone; CPU iPhone OS 18_7 like Mac OS X) AppleWebKit/605.1.15 (KHTML, like Gecko) Version/26.6.1 Mobile/15E148 Safari/604.1",390x699@3
25d344c4-3ecf-4fa1-8a62-1efb58819344,8d8d0e3b-d30a-4cd1-a7d7-c9661f1fb03e,P05,1,1,2026-10-09T14:57:58.338Z,351803,cards,C2,S02.flipped,A,action,,,,,,,,,card.flip,"{""to"": false, ""film"": ""interstellar""}","Mozilla/5.0 (iPhone; CPU iPhone OS 18_7 like Mac OS X) AppleWebKit/605.1.15 (KHTML, like Gecko) Version/26.6.1 Mobile/15E148 Safari/604.1",390x699@3
d8075a73-c591-41fe-b81f-00786a747949,8d8d0e3b-d30a-4cd1-a7d7-c9661f1fb03e,P05,1,1,2026-10-09T14:57:58.339Z,351804,cards,C2,S02,A,screen.view,,,,,,,,,,"{""flujo"": ""Descubrir: explorar y guardar""}","Mozilla/5.0 (iPhone; CPU iPhone OS 18_7 like Mac OS X) AppleWebKit/605.1.15 (KHTML, like Gecko) Version/26.6.1 Mobile/15E148 Safari/604.1",390x699@3
ef12e539-087c-4f94-bd53-a591e942bad3,8d8d0e3b-d30a-4cd1-a7d7-c9661f1fb03e,P05,1,1,2026-10-09T14:58:00.447Z,353912,cards,C2,S02,A,tap,77,23.7,S02.card,true,,Sin zona definida,4,12,,,"Mozilla/5.0 (iPhone; CPU iPhone OS 18_7 like Mac OS X) AppleWebKit/605.1.15 (KHTML, like Gecko) Version/26.6.1 Mobile/15E148 Safari/604.1",390x699@3
d4b020b0-9ff2-4c14-b9b0-d12dbf9963f7,8d8d0e3b-d30a-4cd1-a7d7-c9661f1fb03e,P05,1,1,2026-10-09T14:58:00.448Z,353913,cards,C2,S02,A,action,,,,,,,,,card.flip,"{""to"": true, ""film"": ""interstellar""}","Mozilla/5.0 (iPhone; CPU iPhone OS 18_7 like Mac OS X) AppleWebKit/605.1.15 (KHTML, like Gecko) Version/26.6.1 Mobile/15E148 Safari/604.1",390x699@3
337e4f76-1e4a-47a8-b292-ee9a76d5c6ac,8d8d0e3b-d30a-4cd1-a7d7-c9661f1fb03e,P05,1,1,2026-10-09T14:58:00.450Z,353915,cards,C2,S02.flipped,A,screen.view,,,,,,,,,,"{""flujo"": ""Descubrir: explorar y guardar""}","Mozilla/5.0 (iPhone; CPU iPhone OS 18_7 like Mac OS X) AppleWebKit/605.1.15 (KHTML, like Gecko) Version/26.6.1 Mobile/15E148 Safari/604.1",390x699@3
89eba00e-a311-43ba-8ca0-f5cf518f423b,8d8d0e3b-d30a-4cd1-a7d7-c9661f1fb03e,P05,1,1,2026-10-09T14:58:02.131Z,355596,cards,C2,S02.flipped,A,tap,82.8,82,S02.btn-quiero,true,,Sin zona definida,5,13.6,,,"Mozilla/5.0 (iPhone; CPU iPhone OS 18_7 like Mac OS X) AppleWebKit/605.1.15 (KHTML, like Gecko) Version/26.6.1 Mobile/15E148 Safari/604.1",390x699@3
490fcd86-0bae-40c9-859d-e60b938e0eb4,8d8d0e3b-d30a-4cd1-a7d7-c9661f1fb03e,P05,1,1,2026-10-09T14:58:02.141Z,355606,cards,C2,S02.flipped,A,action,,,,,,,,,mark.ring,"{""dir"": ""right"", ""film"": ""interstellar""}","Mozilla/5.0 (iPhone; CPU iPhone OS 18_7 like Mac OS X) AppleWebKit/605.1.15 (KHTML, like Gecko) Version/26.6.1 Mobile/15E148 Safari/604.1",390x699@3
0f01a8a6-9d58-4155-8d12-378b85a16c38,8d8d0e3b-d30a-4cd1-a7d7-c9661f1fb03e,P05,1,1,2026-10-09T14:58:02.483Z,355948,cards,C2,S02.flipped,A,action,,,,,,,,,match.special,"{""film"": ""interstellar""}","Mozilla/5.0 (iPhone; CPU iPhone OS 18_7 like Mac OS X) AppleWebKit/605.1.15 (KHTML, like Gecko) Version/26.6.1 Mobile/15E148 Safari/604.1",390x699@3
ff63173f-423d-4f4e-b6b7-abbbaba97052,8d8d0e3b-d30a-4cd1-a7d7-c9661f1fb03e,P05,1,1,2026-10-09T14:58:02.495Z,355960,cards,C2,S02.match,A,screen.view,,,,,,,,,,"{""flujo"": ""Descubrir: explorar y guardar""}","Mozilla/5.0 (iPhone; CPU iPhone OS 18_7 like Mac OS X) AppleWebKit/605.1.15 (KHTML, like Gecko) Version/26.6.1 Mobile/15E148 Safari/604.1",390x699@3
47aa67b5-45ac-498a-baaa-42aa5b5b008c,8d8d0e3b-d30a-4cd1-a7d7-c9661f1fb03e,P05,1,1,2026-10-09T14:58:05.579Z,359044,cards,C2,S02.match,A,tap,75.7,72.9,S02.match-ir-ver,true,,Sin zona definida,6,17.1,,,"Mozilla/5.0 (iPhone; CPU iPhone OS 18_7 like Mac OS X) AppleWebKit/605.1.15 (KHTML, like Gecko) Version/26.6.1 Mobile/15E148 Safari/604.1",390x699@3
ce81fca1-44c1-4867-979c-c76796325039,8d8d0e3b-d30a-4cd1-a7d7-c9661f1fb03e,P05,1,1,2026-10-09T14:58:05.584Z,359049,cards,C2,S02.match,A,action,,,,,,,,,match.ir-ver,,"Mozilla/5.0 (iPhone; CPU iPhone OS 18_7 like Mac OS X) AppleWebKit/605.1.15 (KHTML, like Gecko) Version/26.6.1 Mobile/15E148 Safari/604.1",390x699@3
9c9c0b85-cf33-4dd8-9e3b-f4a4d8c8bc2b,8d8d0e3b-d30a-4cd1-a7d7-c9661f1fb03e,P05,1,1,2026-10-09T14:58:05.597Z,359062,cards,C2,S04,A,screen.view,,,,,,,,,,"{""flujo"": ""Ver: retomar y decidir""}","Mozilla/5.0 (iPhone; CPU iPhone OS 18_7 like Mac OS X) AppleWebKit/605.1.15 (KHTML, like Gecko) Version/26.6.1 Mobile/15E148 Safari/604.1",390x699@3
0e8444d3-c43d-4ff3-ba43-058eefe37d12,8d8d0e3b-d30a-4cd1-a7d7-c9661f1fb03e,P05,1,1,2026-10-09T14:58:09.011Z,362475,cards,C2,S04,A,tap,69.9,81.2,S04.btn-verla,true,,Sin zona definida,7,20.5,,,"Mozilla/5.0 (iPhone; CPU iPhone OS 18_7 like Mac OS X) AppleWebKit/605.1.15 (KHTML, like Gecko) Version/26.6.1 Mobile/15E148 Safari/604.1",390x699@3
e30bce22-0ecd-491d-84f8-0093935ed08d,8d8d0e3b-d30a-4cd1-a7d7-c9661f1fb03e,P05,1,1,2026-10-09T14:58:09.017Z,362482,cards,C2,S04,A,action,,,,,,,,,ver.watch,"{""film"": ""interstellar""}","Mozilla/5.0 (iPhone; CPU iPhone OS 18_7 like Mac OS X) AppleWebKit/605.1.15 (KHTML, like Gecko) Version/26.6.1 Mobile/15E148 Safari/604.1",390x699@3
5076d126-6189-4275-946b-1f2073b429f1,8d8d0e3b-d30a-4cd1-a7d7-c9661f1fb03e,P05,1,1,2026-10-09T14:58:09.021Z,362485,cards,C2,S04.sheet-plat,A,screen.view,,,,,,,,,,"{""flujo"": ""Ver: retomar y decidir""}","Mozilla/5.0 (iPhone; CPU iPhone OS 18_7 like Mac OS X) AppleWebKit/605.1.15 (KHTML, like Gecko) Version/26.6.1 Mobile/15E148 Safari/604.1",390x699@3
64e3b68e-08e6-4608-a899-6c34da246581,8d8d0e3b-d30a-4cd1-a7d7-c9661f1fb03e,P05,1,1,2026-10-09T14:58:11.011Z,364476,cards,C2,S04.sheet-plat,A,tap,73.9,89.5,S04.abrir-plataforma,true,,Sin zona definida,8,22.5,,,"Mozilla/5.0 (iPhone; CPU iPhone OS 18_7 like Mac OS X) AppleWebKit/605.1.15 (KHTML, like Gecko) Version/26.6.1 Mobile/15E148 Safari/604.1",390x699@3
0f7136f7-9173-4f98-8b34-e04ecbc92dad,8d8d0e3b-d30a-4cd1-a7d7-c9661f1fb03e,P05,1,1,2026-10-09T14:58:11.019Z,364484,cards,C2,S04.sheet-plat,A,action,,,,,,,,,platform.opened,"{""film"": ""interstellar"", ""platform"": ""Netflix""}","Mozilla/5.0 (iPhone; CPU iPhone OS 18_7 like Mac OS X) AppleWebKit/605.1.15 (KHTML, like Gecko) Version/26.6.1 Mobile/15E148 Safari/604.1",390x699@3
69788ff3-b423-44f0-b3ab-e30693e6f89b,8d8d0e3b-d30a-4cd1-a7d7-c9661f1fb03e,P05,1,1,2026-10-09T14:58:11.022Z,364486,cards,C2,S04.away,A,screen.view,,,,,,,,,,"{""flujo"": ""Ver: retomar y decidir""}","Mozilla/5.0 (iPhone; CPU iPhone OS 18_7 like Mac OS X) AppleWebKit/605.1.15 (KHTML, like Gecko) Version/26.6.1 Mobile/15E148 Safari/604.1",390x699@3
d6c05111-a6e4-44f2-9084-1cdadf41bd5d,8d8d0e3b-d30a-4cd1-a7d7-c9661f1fb03e,P05,1,1,2026-10-09T14:58:14.591Z,368056,cards,C2,S04.away,A,tap,66.2,60.8,S04.volver-kinoo,true,,Sin zona definida,9,26.2,,,"Mozilla/5.0 (iPhone; CPU iPhone OS 18_7 like Mac OS X) AppleWebKit/605.1.15 (KHTML, like Gecko) Version/26.6.1 Mobile/15E148 Safari/604.1",390x699@3
f2d11072-b847-452f-9a46-2b57c702e555,8d8d0e3b-d30a-4cd1-a7d7-c9661f1fb03e,P05,1,1,2026-10-09T14:58:14.596Z,368061,cards,C2,S04.away,A,action,,,,,,,,,ver.volver,,"Mozilla/5.0 (iPhone; CPU iPhone OS 18_7 like Mac OS X) AppleWebKit/605.1.15 (KHTML, like Gecko) Version/26.6.1 Mobile/15E148 Safari/604.1",390x699@3
5c4e5e73-9499-465d-88c7-0c8327c8f369,8d8d0e3b-d30a-4cd1-a7d7-c9661f1fb03e,P05,1,1,2026-10-09T14:58:14.598Z,368063,cards,C2,S03.back,A,screen.view,,,,,,,,,,"{""flujo"": ""Ver: ficha y calificación""}","Mozilla/5.0 (iPhone; CPU iPhone OS 18_7 like Mac OS X) AppleWebKit/605.1.15 (KHTML, like Gecko) Version/26.6.1 Mobile/15E148 Safari/604.1",390x699@3
4ef29b17-fde1-4015-b33b-d64c5d8738ee,8d8d0e3b-d30a-4cd1-a7d7-c9661f1fb03e,P05,1,1,2026-10-09T14:58:17.279Z,370744,cards,C2,S03.back,A,tap,78.6,95,S03.si-la-vi,true,,Sin zona definida,10,28.7,,,"Mozilla/5.0 (iPhone; CPU iPhone OS 18_7 like Mac OS X) AppleWebKit/605.1.15 (KHTML, like Gecko) Version/26.6.1 Mobile/15E148 Safari/604.1",390x699@3
9d06f21f-8264-4568-a356-8fae4b8b8d47,8d8d0e3b-d30a-4cd1-a7d7-c9661f1fb03e,P05,1,1,2026-10-09T14:58:17.286Z,370750,cards,C2,S03.back,A,action,,,,,,,,,ver.sawit,"{""film"": ""interstellar""}","Mozilla/5.0 (iPhone; CPU iPhone OS 18_7 like Mac OS X) AppleWebKit/605.1.15 (KHTML, like Gecko) Version/26.6.1 Mobile/15E148 Safari/604.1",390x699@3
d3a334fe-3ef7-48ce-b0c5-d692db76b399,8d8d0e3b-d30a-4cd1-a7d7-c9661f1fb03e,P05,1,1,2026-10-09T14:58:17.292Z,370756,cards,C2,S03,A,screen.view,,,,,,,,,,"{""flujo"": ""Ver: ficha y calificación""}","Mozilla/5.0 (iPhone; CPU iPhone OS 18_7 like Mac OS X) AppleWebKit/605.1.15 (KHTML, like Gecko) Version/26.6.1 Mobile/15E148 Safari/604.1",390x699@3
bb0c1f8b-d7dd-4520-96a3-7d6fe5db6aab,8d8d0e3b-d30a-4cd1-a7d7-c9661f1fb03e,P05,1,1,2026-10-09T14:58:18.890Z,372355,cards,C2,S03,A,tap,86.8,58.1,S03.reaccion-love,true,,Sin zona definida,11,30.4,,,"Mozilla/5.0 (iPhone; CPU iPhone OS 18_7 like Mac OS X) AppleWebKit/605.1.15 (KHTML, like Gecko) Version/26.6.1 Mobile/15E148 Safari/604.1",390x699@3
86880e71-1a3d-4843-8a9a-a6b53ba145ad,8d8d0e3b-d30a-4cd1-a7d7-c9661f1fb03e,P05,1,1,2026-10-09T14:58:18.897Z,372362,cards,C2,S03,A,action,,,,,,,,,reaction.picked,"{""reaction"": ""love""}","Mozilla/5.0 (iPhone; CPU iPhone OS 18_7 like Mac OS X) AppleWebKit/605.1.15 (KHTML, like Gecko) Version/26.6.1 Mobile/15E148 Safari/604.1",390x699@3
a44a978b-b746-40e5-9b8f-f401ba36158b,8d8d0e3b-d30a-4cd1-a7d7-c9661f1fb03e,P05,1,1,2026-10-09T14:58:19.869Z,373333,cards,C2,S03,A,task.end,,,,,,,,,ok,"{""toques"": 11, ""acciones"": [""card.flip"", ""card.flip"", ""card.flip"", ""card.flip"", ""mark.ring"", ""match.special"", ""match.ir-ver"", ""ver.watch"", ""platform.opened"", ""ver.volver"", ""ver.sawit"", ""reaction.picked""]}","Mozilla/5.0 (iPhone; CPU iPhone OS 18_7 like Mac OS X) AppleWebKit/605.1.15 (KHTML, like Gecko) Version/26.6.1 Mobile/15E148 Safari/604.1",390x699@3
8e9889ea-42d3-42da-8340-45800e53acf0,8d8d0e3b-d30a-4cd1-a7d7-c9661f1fb03e,P05,1,1,2026-10-09T14:58:23.181Z,376645,cards,C3,S02,A,task.start,,,,,,,,,,"{""face"": ""frente"", ""film"": ""faro"", ""prueba"": ""5 s – Cards""}","Mozilla/5.0 (iPhone; CPU iPhone OS 18_7 like Mac OS X) AppleWebKit/605.1.15 (KHTML, like Gecko) Version/26.6.1 Mobile/15E148 Safari/604.1",390x699@3
84638cd1-11b1-46e0-a59f-78d948071a8e,8d8d0e3b-d30a-4cd1-a7d7-c9661f1fb03e,P05,1,1,2026-10-09T14:58:28.641Z,382106,cards,C3,S02,A,action,,,,,,,,,estimulo.5s,"{""card"": ""C3"", ""realMs"": 5452}","Mozilla/5.0 (iPhone; CPU iPhone OS 18_7 like Mac OS X) AppleWebKit/605.1.15 (KHTML, like Gecko) Version/26.6.1 Mobile/15E148 Safari/604.1",390x699@3
dd61d815-44ae-4ef6-995c-327a2c18a88d,8d8d0e3b-d30a-4cd1-a7d7-c9661f1fb03e,P05,1,1,2026-10-09T14:58:30.540Z,384005,cards,C3,S02,A,answer,,,,,,,,,No,"{""q"": ""C0""}","Mozilla/5.0 (iPhone; CPU iPhone OS 18_7 like Mac OS X) AppleWebKit/605.1.15 (KHTML, like Gecko) Version/26.6.1 Mobile/15E148 Safari/604.1",390x699@3
979bf92b-2f0d-455a-9f73-5a948b57b52f,8d8d0e3b-d30a-4cd1-a7d7-c9661f1fb03e,P05,1,1,2026-10-09T14:58:33.553Z,387017,cards,C3,S02,A,answer,,,,,,,,,"{""op"":""Frase gancho""}","{""q"": ""C1""}","Mozilla/5.0 (iPhone; CPU iPhone OS 18_7 like Mac OS X) AppleWebKit/605.1.15 (KHTML, like Gecko) Version/26.6.1 Mobile/15E148 Safari/604.1",390x699@3
4b9bca37-70e3-4dcf-a1f0-e32a345f0735,8d8d0e3b-d30a-4cd1-a7d7-c9661f1fb03e,P05,1,1,2026-10-09T14:58:43.040Z,396505,cards,C3,S02,A,answer,,,,,,,,,"Nonpude leer todo bien, pero romance","{""q"": ""C3""}","Mozilla/5.0 (iPhone; CPU iPhone OS 18_7 like Mac OS X) AppleWebKit/605.1.15 (KHTML, like Gecko) Version/26.6.1 Mobile/15E148 Safari/604.1",390x681@3
ffde12d6-a51e-4889-aadc-4ee5f5ff3981,8d8d0e3b-d30a-4cd1-a7d7-c9661f1fb03e,P05,1,1,2026-10-09T14:58:49.133Z,402597,cards,C3,S02,A,answer,,,,,,,,,3,"{""q"": ""C4""}","Mozilla/5.0 (iPhone; CPU iPhone OS 18_7 like Mac OS X) AppleWebKit/605.1.15 (KHTML, like Gecko) Version/26.6.1 Mobile/15E148 Safari/604.1",390x699@3
0e049d80-17b3-4e38-a201-5cdab06b3a62,8d8d0e3b-d30a-4cd1-a7d7-c9661f1fb03e,P05,1,1,2026-10-09T14:58:55.700Z,409164,cards,C3,S02,A,answer,,,,,,,,,Leer sinopsis,"{""q"": ""C5""}","Mozilla/5.0 (iPhone; CPU iPhone OS 18_7 like Mac OS X) AppleWebKit/605.1.15 (KHTML, like Gecko) Version/26.6.1 Mobile/15E148 Safari/604.1",390x655@3
b919e18c-6e35-4800-bfe1-8bf931c946be,8d8d0e3b-d30a-4cd1-a7d7-c9661f1fb03e,P05,1,1,2026-10-09T14:59:01.817Z,415281,cards,C3,S02,A,answer,,,,,,,,,Poder leer todo,"{""q"": ""C6""}","Mozilla/5.0 (iPhone; CPU iPhone OS 18_7 like Mac OS X) AppleWebKit/605.1.15 (KHTML, like Gecko) Version/26.6.1 Mobile/15E148 Safari/604.1",390x690@3
c0d09bce-df9c-4003-a28d-dcf5caa320d7,8d8d0e3b-d30a-4cd1-a7d7-c9661f1fb03e,P05,1,1,2026-10-09T14:59:01.822Z,415287,cards,C3,S02,A,screen.view,,,,,,,,,,"{""flujo"": ""Descubrir: explorar y guardar""}","Mozilla/5.0 (iPhone; CPU iPhone OS 18_7 like Mac OS X) AppleWebKit/605.1.15 (KHTML, like Gecko) Version/26.6.1 Mobile/15E148 Safari/604.1",390x690@3
f194eaab-d156-40eb-a49f-b341a7a015e2,8d8d0e3b-d30a-4cd1-a7d7-c9661f1fb03e,P05,1,1,2026-10-09T14:59:08.028Z,421493,cards,C3,S02,A,tap,72.1,30.2,S02.card,true,,Sin zona definida,1,6.1,,,"Mozilla/5.0 (iPhone; CPU iPhone OS 18_7 like Mac OS X) AppleWebKit/605.1.15 (KHTML, like Gecko) Version/26.6.1 Mobile/15E148 Safari/604.1",390x699@3
d059ba80-d471-4e3b-b3e4-5ba95237bfc1,8d8d0e3b-d30a-4cd1-a7d7-c9661f1fb03e,P05,1,1,2026-10-09T14:59:08.030Z,421494,cards,C3,S02,A,action,,,,,,,,,card.flip,"{""to"": true, ""film"": ""faro""}","Mozilla/5.0 (iPhone; CPU iPhone OS 18_7 like Mac OS X) AppleWebKit/605.1.15 (KHTML, like Gecko) Version/26.6.1 Mobile/15E148 Safari/604.1",390x699@3
d65eb68f-6a21-4580-95c0-cd1791541be2,8d8d0e3b-d30a-4cd1-a7d7-c9661f1fb03e,P05,1,1,2026-10-09T14:59:08.032Z,421497,cards,C3,S02.flipped,A,screen.view,,,,,,,,,,"{""flujo"": ""Descubrir: explorar y guardar""}","Mozilla/5.0 (iPhone; CPU iPhone OS 18_7 like Mac OS X) AppleWebKit/605.1.15 (KHTML, like Gecko) Version/26.6.1 Mobile/15E148 Safari/604.1",390x699@3
8c69c702-d397-4d12-b520-f37149d33d3b,8d8d0e3b-d30a-4cd1-a7d7-c9661f1fb03e,P05,1,1,2026-10-09T14:59:09.492Z,422957,cards,C3,S02.flipped,A,tap,80.8,82.4,S02.btn-quiero,true,,Sin zona definida,2,7.6,,,"Mozilla/5.0 (iPhone; CPU iPhone OS 18_7 like Mac OS X) AppleWebKit/605.1.15 (KHTML, like Gecko) Version/26.6.1 Mobile/15E148 Safari/604.1",390x699@3
1d9eae2a-baa9-4ecb-87ba-42c2f10c9a29,8d8d0e3b-d30a-4cd1-a7d7-c9661f1fb03e,P05,1,1,2026-10-09T14:59:09.500Z,422964,cards,C3,S02.flipped,A,action,,,,,,,,,mark.ring,"{""dir"": ""right"", ""film"": ""faro""}","Mozilla/5.0 (iPhone; CPU iPhone OS 18_7 like Mac OS X) AppleWebKit/605.1.15 (KHTML, like Gecko) Version/26.6.1 Mobile/15E148 Safari/604.1",390x699@3
32549d5b-a6fe-481d-b8d5-cbe0d179b2d0,8d8d0e3b-d30a-4cd1-a7d7-c9661f1fb03e,P05,1,1,2026-10-09T14:59:09.848Z,423312,cards,C3,S02,A,screen.view,,,,,,,,,,"{""flujo"": ""Descubrir: explorar y guardar""}","Mozilla/5.0 (iPhone; CPU iPhone OS 18_7 like Mac OS X) AppleWebKit/605.1.15 (KHTML, like Gecko) Version/26.6.1 Mobile/15E148 Safari/604.1",390x699@3
83a4c433-e2ab-47f1-8eca-7315ab8aed9a,8d8d0e3b-d30a-4cd1-a7d7-c9661f1fb03e,P05,1,1,2026-10-09T14:59:15.746Z,429211,cards,C3,S02,A,task.end,,,,,,,,,ok,"{""toques"": 2, ""acciones"": [""card.flip"", ""mark.ring""]}","Mozilla/5.0 (iPhone; CPU iPhone OS 18_7 like Mac OS X) AppleWebKit/605.1.15 (KHTML, like Gecko) Version/26.6.1 Mobile/15E148 Safari/604.1",390x699@3
033f11d8-f1cc-48c1-84b4-420a1ee9aa29,8d8d0e3b-d30a-4cd1-a7d7-c9661f1fb03e,P05,1,1,2026-10-09T14:59:18.262Z,431727,cards,C1,S02,A,task.start,,,,,,,,,,"{""face"": ""frente"", ""film"": ""ciudad"", ""prueba"": ""5 s – Cards""}","Mozilla/5.0 (iPhone; CPU iPhone OS 18_7 like Mac OS X) AppleWebKit/605.1.15 (KHTML, like Gecko) Version/26.6.1 Mobile/15E148 Safari/604.1",390x699@3
4cfc476f-a817-4e70-9aff-20636ddd5afc,8d8d0e3b-d30a-4cd1-a7d7-c9661f1fb03e,P05,1,1,2026-10-09T14:59:23.720Z,437185,cards,C1,S02,A,action,,,,,,,,,estimulo.5s,"{""card"": ""C1"", ""realMs"": 5451}","Mozilla/5.0 (iPhone; CPU iPhone OS 18_7 like Mac OS X) AppleWebKit/605.1.15 (KHTML, like Gecko) Version/26.6.1 Mobile/15E148 Safari/604.1",390x699@3
f00362f0-a546-4732-86f5-bcc9a8202086,8d8d0e3b-d30a-4cd1-a7d7-c9661f1fb03e,P05,1,1,2026-10-09T14:59:25.923Z,439388,cards,C1,S02,A,answer,,,,,,,,,No,"{""q"": ""C0""}","Mozilla/5.0 (iPhone; CPU iPhone OS 18_7 like Mac OS X) AppleWebKit/605.1.15 (KHTML, like Gecko) Version/26.6.1 Mobile/15E148 Safari/604.1",390x699@3
d6f47fa4-5cba-4351-b840-d28ec44c3034,8d8d0e3b-d30a-4cd1-a7d7-c9661f1fb03e,P05,1,1,2026-10-09T14:59:27.772Z,441237,cards,C1,S02,A,answer,,,,,,,,,"{""op"":""Frase gancho""}","{""q"": ""C1""}","Mozilla/5.0 (iPhone; CPU iPhone OS 18_7 like Mac OS X) AppleWebKit/605.1.15 (KHTML, like Gecko) Version/26.6.1 Mobile/15E148 Safari/604.1",390x699@3
c9d8e35d-bfa9-4f2e-b799-5ce9af0895b7,8d8d0e3b-d30a-4cd1-a7d7-c9661f1fb03e,P05,1,1,2026-10-09T14:59:33.993Z,447457,cards,C1,S02,A,answer,,,,,,,,,Explorar una ciudad,"{""q"": ""C3""}","Mozilla/5.0 (iPhone; CPU iPhone OS 18_7 like Mac OS X) AppleWebKit/605.1.15 (KHTML, like Gecko) Version/26.6.1 Mobile/15E148 Safari/604.1",390x681@3
1a57a283-f069-4cd8-9912-3901e701d36d,8d8d0e3b-d30a-4cd1-a7d7-c9661f1fb03e,P05,1,1,2026-10-09T14:59:35.958Z,449422,cards,C1,S02,A,answer,,,,,,,,,5,"{""q"": ""C4""}","Mozilla/5.0 (iPhone; CPU iPhone OS 18_7 like Mac OS X) AppleWebKit/605.1.15 (KHTML, like Gecko) Version/26.6.1 Mobile/15E148 Safari/604.1",390x699@3
d94c92b3-7ab0-44d0-b39d-0b5d63309440,8d8d0e3b-d30a-4cd1-a7d7-c9661f1fb03e,P05,1,1,2026-10-09T14:59:43.545Z,457009,cards,C1,S02,A,answer,,,,,,,,,Ver la pelicula,"{""q"": ""C5""}","Mozilla/5.0 (iPhone; CPU iPhone OS 18_7 like Mac OS X) AppleWebKit/605.1.15 (KHTML, like Gecko) Version/26.6.1 Mobile/15E148 Safari/604.1",390x655@3
57737dba-94d9-4629-81b9-bcaa1a26f092,8d8d0e3b-d30a-4cd1-a7d7-c9661f1fb03e,P05,1,1,2026-10-09T14:59:48.318Z,461783,cards,C1,S02,A,answer,,,,,,,,,El nombre,"{""q"": ""C6""}","Mozilla/5.0 (iPhone; CPU iPhone OS 18_7 like Mac OS X) AppleWebKit/605.1.15 (KHTML, like Gecko) Version/26.6.1 Mobile/15E148 Safari/604.1",390x655@3
9a4eef8c-f08a-41be-b6d9-0e38a106a9b9,8d8d0e3b-d30a-4cd1-a7d7-c9661f1fb03e,P05,1,1,2026-10-09T14:59:48.324Z,461788,cards,C1,S02,A,screen.view,,,,,,,,,,"{""flujo"": ""Descubrir: explorar y guardar""}","Mozilla/5.0 (iPhone; CPU iPhone OS 18_7 like Mac OS X) AppleWebKit/605.1.15 (KHTML, like Gecko) Version/26.6.1 Mobile/15E148 Safari/604.1",390x655@3
7b3bf052-5a35-42db-aa65-0a094f1624a7,8d8d0e3b-d30a-4cd1-a7d7-c9661f1fb03e,P05,1,1,2026-10-09T14:59:53.130Z,466595,cards,C1,S02,A,tap,86.7,83.1,S02.btn-quiero,true,,Sin zona definida,1,4.7,,,"Mozilla/5.0 (iPhone; CPU iPhone OS 18_7 like Mac OS X) AppleWebKit/605.1.15 (KHTML, like Gecko) Version/26.6.1 Mobile/15E148 Safari/604.1",390x699@3
9ff20ab1-44bb-4204-9e7c-63b6bffa7f2f,8d8d0e3b-d30a-4cd1-a7d7-c9661f1fb03e,P05,1,1,2026-10-09T14:59:53.139Z,466604,cards,C1,S02,A,action,,,,,,,,,mark.ring,"{""dir"": ""right"", ""film"": ""ciudad""}","Mozilla/5.0 (iPhone; CPU iPhone OS 18_7 like Mac OS X) AppleWebKit/605.1.15 (KHTML, like Gecko) Version/26.6.1 Mobile/15E148 Safari/604.1",390x699@3
e0679532-6c46-42d3-bce5-64ba6b3477d1,8d8d0e3b-d30a-4cd1-a7d7-c9661f1fb03e,P05,1,1,2026-10-09T14:59:53.480Z,466944,cards,C1,S02,A,action,,,,,,,,,match.special,"{""film"": ""ciudad""}","Mozilla/5.0 (iPhone; CPU iPhone OS 18_7 like Mac OS X) AppleWebKit/605.1.15 (KHTML, like Gecko) Version/26.6.1 Mobile/15E148 Safari/604.1",390x699@3
e213de77-2708-49eb-aad4-cbfdbc84bdec,8d8d0e3b-d30a-4cd1-a7d7-c9661f1fb03e,P05,1,1,2026-10-09T14:59:53.488Z,466953,cards,C1,S02.match,A,screen.view,,,,,,,,,,"{""flujo"": ""Descubrir: explorar y guardar""}","Mozilla/5.0 (iPhone; CPU iPhone OS 18_7 like Mac OS X) AppleWebKit/605.1.15 (KHTML, like Gecko) Version/26.6.1 Mobile/15E148 Safari/604.1",390x699@3
a097e283-2497-43a9-a888-20521e53b434,8d8d0e3b-d30a-4cd1-a7d7-c9661f1fb03e,P05,1,1,2026-10-09T14:59:54.895Z,468359,cards,C1,S02.match,A,tap,31,76,S02.match-ir-ver,true,,Sin zona definida,2,6.5,,,"Mozilla/5.0 (iPhone; CPU iPhone OS 18_7 like Mac OS X) AppleWebKit/605.1.15 (KHTML, like Gecko) Version/26.6.1 Mobile/15E148 Safari/604.1",390x699@3
cf2bf00f-b8a3-4d2f-ab41-6c7d9cc19f2c,8d8d0e3b-d30a-4cd1-a7d7-c9661f1fb03e,P05,1,1,2026-10-09T14:59:54.898Z,468363,cards,C1,S02.match,A,action,,,,,,,,,match.ir-ver,,"Mozilla/5.0 (iPhone; CPU iPhone OS 18_7 like Mac OS X) AppleWebKit/605.1.15 (KHTML, like Gecko) Version/26.6.1 Mobile/15E148 Safari/604.1",390x699@3
6a13f4eb-ed6a-40b3-befe-ab2bba019e7b,8d8d0e3b-d30a-4cd1-a7d7-c9661f1fb03e,P05,1,1,2026-10-09T14:59:54.902Z,468367,cards,C1,S04,A,screen.view,,,,,,,,,,"{""flujo"": ""Ver: retomar y decidir""}","Mozilla/5.0 (iPhone; CPU iPhone OS 18_7 like Mac OS X) AppleWebKit/605.1.15 (KHTML, like Gecko) Version/26.6.1 Mobile/15E148 Safari/604.1",390x699@3
a1ac6996-a980-4879-9b8a-cbc5523eab87,8d8d0e3b-d30a-4cd1-a7d7-c9661f1fb03e,P05,1,1,2026-10-09T14:59:55.961Z,469426,cards,C1,S04,A,tap,62.1,83.3,S04.btn-verla,true,,Sin zona definida,3,7.6,,,"Mozilla/5.0 (iPhone; CPU iPhone OS 18_7 like Mac OS X) AppleWebKit/605.1.15 (KHTML, like Gecko) Version/26.6.1 Mobile/15E148 Safari/604.1",390x699@3
d0ed7da9-9a50-4916-a358-f4edc4b1ff1d,8d8d0e3b-d30a-4cd1-a7d7-c9661f1fb03e,P05,1,1,2026-10-09T14:59:55.966Z,469431,cards,C1,S04,A,action,,,,,,,,,ver.watch,"{""film"": ""ciudad""}","Mozilla/5.0 (iPhone; CPU iPhone OS 18_7 like Mac OS X) AppleWebKit/605.1.15 (KHTML, like Gecko) Version/26.6.1 Mobile/15E148 Safari/604.1",390x699@3
a6725b74-fe87-4985-b78b-ab3c840bdd19,8d8d0e3b-d30a-4cd1-a7d7-c9661f1fb03e,P05,1,1,2026-10-09T14:59:55.969Z,469433,cards,C1,S04.sheet-plat,A,screen.view,,,,,,,,,,"{""flujo"": ""Ver: retomar y decidir""}","Mozilla/5.0 (iPhone; CPU iPhone OS 18_7 like Mac OS X) AppleWebKit/605.1.15 (KHTML, like Gecko) Version/26.6.1 Mobile/15E148 Safari/604.1",390x699@3
3409dc05-eb82-4cbd-80ff-3a52c90f2f8c,8d8d0e3b-d30a-4cd1-a7d7-c9661f1fb03e,P05,1,1,2026-10-09T14:59:57.255Z,470720,cards,C1,S04.sheet-plat,A,task.end,,,,,,,,,ok,"{""toques"": 3, ""acciones"": [""mark.ring"", ""match.special"", ""match.ir-ver"", ""ver.watch""]}","Mozilla/5.0 (iPhone; CPU iPhone OS 18_7 like Mac OS X) AppleWebKit/605.1.15 (KHTML, like Gecko) Version/26.6.1 Mobile/15E148 Safari/604.1",390x699@3
f4004e65-71d9-4214-962a-3de91e671c58,8d8d0e3b-d30a-4cd1-a7d7-c9661f1fb03e,P05,1,1,2026-10-09T14:59:57.259Z,470724,cards,C1,S04.sheet-plat,A,phase.end,,,,,,,,,1,,"Mozilla/5.0 (iPhone; CPU iPhone OS 18_7 like Mac OS X) AppleWebKit/605.1.15 (KHTML, like Gecko) Version/26.6.1 Mobile/15E148 Safari/604.1",390x699@3
82ed6239-490e-43ab-a60d-5fd6a4fb5777,8d8d0e3b-d30a-4cd1-a7d7-c9661f1fb03e,P05,1,2,2026-10-09T15:00:04.521Z,477985,cards,C1,S04.sheet-plat,A,phase.start,,,,,,,,,2,,"Mozilla/5.0 (iPhone; CPU iPhone OS 18_7 like Mac OS X) AppleWebKit/605.1.15 (KHTML, like Gecko) Version/26.6.1 Mobile/15E148 Safari/604.1",390x699@3
5caf8fa5-90e2-41c3-ac7c-fc8336f592b8,8d8d0e3b-d30a-4cd1-a7d7-c9661f1fb03e,P05,1,2,2026-10-09T15:00:10.212Z,483677,primer-clic,T5,S04,A,task.start,,,,,,,,,,"{""seed"": ""ver-pool"", ""orden"": 1, ""prueba"": ""Primer clic""}","Mozilla/5.0 (iPhone; CPU iPhone OS 18_7 like Mac OS X) AppleWebKit/605.1.15 (KHTML, like Gecko) Version/26.6.1 Mobile/15E148 Safari/604.1",390x699@3
604f1a15-00b7-4e5e-bb73-51daf981cbf0,8d8d0e3b-d30a-4cd1-a7d7-c9661f1fb03e,P05,1,2,2026-10-09T15:00:10.222Z,483687,primer-clic,T5,S04,A,screen.view,,,,,,,,,,"{""flujo"": ""Ver: retomar y decidir""}","Mozilla/5.0 (iPhone; CPU iPhone OS 18_7 like Mac OS X) AppleWebKit/605.1.15 (KHTML, like Gecko) Version/26.6.1 Mobile/15E148 Safari/604.1",390x699@3
1553ca7f-9f94-4667-9d7f-d32959888d4b,8d8d0e3b-d30a-4cd1-a7d7-c9661f1fb03e,P05,1,2,2026-10-09T15:00:11.608Z,485072,primer-clic,T5,S04,A,tap,25,80.4,S04.btn-otra,true,correcta,Correcto,1,1.3,,,"Mozilla/5.0 (iPhone; CPU iPhone OS 18_7 like Mac OS X) AppleWebKit/605.1.15 (KHTML, like Gecko) Version/26.6.1 Mobile/15E148 Safari/604.1",390x699@3
9305e4d6-3fb4-47c0-89f2-30db6f1a9607,8d8d0e3b-d30a-4cd1-a7d7-c9661f1fb03e,P05,1,2,2026-10-09T15:00:11.613Z,485078,primer-clic,T5,S04,A,action,,,,,,,,,ver.otra,"{""n"": 1, ""film"": ""interstellar""}","Mozilla/5.0 (iPhone; CPU iPhone OS 18_7 like Mac OS X) AppleWebKit/605.1.15 (KHTML, like Gecko) Version/26.6.1 Mobile/15E148 Safari/604.1",390x699@3
3e697cdb-2932-4d7f-8960-f8528427ca2d,8d8d0e3b-d30a-4cd1-a7d7-c9661f1fb03e,P05,1,2,2026-10-09T15:00:17.749Z,491214,primer-clic,T5,S04,A,answer,,,,,,,,,5,"{""q"": ""SEQ""}","Mozilla/5.0 (iPhone; CPU iPhone OS 18_7 like Mac OS X) AppleWebKit/605.1.15 (KHTML, like Gecko) Version/26.6.1 Mobile/15E148 Safari/604.1",390x699@3
002a5a3e-01b4-44c4-95dc-bbf5b767fad6,8d8d0e3b-d30a-4cd1-a7d7-c9661f1fb03e,P05,1,2,2026-10-09T15:01:10.951Z,544416,primer-clic,T5,S04,A,answer,,,,,,,,,Que se fuera la carta,"{""q"": ""esperabas""}","Mozilla/5.0 (iPhone; CPU iPhone OS 18_7 like Mac OS X) AppleWebKit/605.1.15 (KHTML, like Gecko) Version/26.6.1 Mobile/15E148 Safari/604.1",390x699@3
0e8ab880-8e44-404b-b29b-4becb79063c4,8d8d0e3b-d30a-4cd1-a7d7-c9661f1fb03e,P05,1,2,2026-10-09T15:01:10.960Z,544424,primer-clic,T5,S04,A,task.end,,,,,,,,,correcto,"{""seq"": 5, ""clics"": 1, ""misses"": 0, ""resultado"": ""Correcto""}","Mozilla/5.0 (iPhone; CPU iPhone OS 18_7 like Mac OS X) AppleWebKit/605.1.15 (KHTML, like Gecko) Version/26.6.1 Mobile/15E148 Safari/604.1",390x699@3
e3f11235-cd59-4ead-b839-74aeddc0ff74,8d8d0e3b-d30a-4cd1-a7d7-c9661f1fb03e,P05,1,2,2026-10-09T15:01:14.863Z,548328,primer-clic,T1,S03,A,task.start,,,,,,,,,,"{""seed"": ""ver-back"", ""orden"": 2, ""prueba"": ""Primer clic""}","Mozilla/5.0 (iPhone; CPU iPhone OS 18_7 like Mac OS X) AppleWebKit/605.1.15 (KHTML, like Gecko) Version/26.6.1 Mobile/15E148 Safari/604.1",390x699@3
71942ab1-9f4d-4108-a74d-d5542954c9b0,8d8d0e3b-d30a-4cd1-a7d7-c9661f1fb03e,P05,1,2,2026-10-09T15:01:14.901Z,548366,primer-clic,T1,S03.back,A,screen.view,,,,,,,,,,"{""flujo"": ""Ver: ficha y calificación""}","Mozilla/5.0 (iPhone; CPU iPhone OS 18_7 like Mac OS X) AppleWebKit/605.1.15 (KHTML, like Gecko) Version/26.6.1 Mobile/15E148 Safari/604.1",390x699@3
a6bd379a-cc1e-4d9e-af70-5eb554533d4d,8d8d0e3b-d30a-4cd1-a7d7-c9661f1fb03e,P05,1,2,2026-10-09T15:01:17.184Z,550649,primer-clic,T1,S03.back,A,tap,79.3,91.4,S03.si-la-vi,true,correcta,Correcto,1,2.3,,,"Mozilla/5.0 (iPhone; CPU iPhone OS 18_7 like Mac OS X) AppleWebKit/605.1.15 (KHTML, like Gecko) Version/26.6.1 Mobile/15E148 Safari/604.1",390x699@3
d7d0f8eb-3c21-484e-9a07-b5d0c2a9d58d,8d8d0e3b-d30a-4cd1-a7d7-c9661f1fb03e,P05,1,2,2026-10-09T15:01:17.188Z,550652,primer-clic,T1,S03.back,A,action,,,,,,,,,ver.sawit,"{""film"": ""interstellar""}","Mozilla/5.0 (iPhone; CPU iPhone OS 18_7 like Mac OS X) AppleWebKit/605.1.15 (KHTML, like Gecko) Version/26.6.1 Mobile/15E148 Safari/604.1",390x699@3
585d9a80-84ec-4b5a-9842-0f8c76045c92,8d8d0e3b-d30a-4cd1-a7d7-c9661f1fb03e,P05,1,2,2026-10-09T15:01:17.194Z,550658,primer-clic,T1,S03,A,screen.view,,,,,,,,,,"{""flujo"": ""Ver: ficha y calificación""}","Mozilla/5.0 (iPhone; CPU iPhone OS 18_7 like Mac OS X) AppleWebKit/605.1.15 (KHTML, like Gecko) Version/26.6.1 Mobile/15E148 Safari/604.1",390x699@3
c5130099-ee78-41a7-9960-fe0a6726fc03,8d8d0e3b-d30a-4cd1-a7d7-c9661f1fb03e,P05,1,2,2026-10-09T15:01:22.286Z,555751,primer-clic,T1,S03,A,answer,,,,,,,,,4,"{""q"": ""SEQ""}","Mozilla/5.0 (iPhone; CPU iPhone OS 18_7 like Mac OS X) AppleWebKit/605.1.15 (KHTML, like Gecko) Version/26.6.1 Mobile/15E148 Safari/604.1",390x699@3
7b263b48-d874-4a33-bb1e-8ac8a194ca47,8d8d0e3b-d30a-4cd1-a7d7-c9661f1fb03e,P05,1,2,2026-10-09T15:01:30.985Z,564450,primer-clic,T1,S03,A,answer,,,,,,,,,Podría ser mas claro el nombre,"{""q"": ""SEQ-porque""}","Mozilla/5.0 (iPhone; CPU iPhone OS 18_7 like Mac OS X) AppleWebKit/605.1.15 (KHTML, like Gecko) Version/26.6.1 Mobile/15E148 Safari/604.1",390x699@3
019ee279-cbcf-4948-8c20-995f44b68d9b,8d8d0e3b-d30a-4cd1-a7d7-c9661f1fb03e,P05,1,2,2026-10-09T15:01:43.384Z,576849,primer-clic,T1,S03,A,answer,,,,,,,,,Que guardara la calificación ,"{""q"": ""esperabas""}","Mozilla/5.0 (iPhone; CPU iPhone OS 18_7 like Mac OS X) AppleWebKit/605.1.15 (KHTML, like Gecko) Version/26.6.1 Mobile/15E148 Safari/604.1",390x699@3
fb3fa209-cb15-440f-bfad-19cff6458cfb,8d8d0e3b-d30a-4cd1-a7d7-c9661f1fb03e,P05,1,2,2026-10-09T15:01:43.385Z,576850,primer-clic,T1,S03,A,task.end,,,,,,,,,correcto,"{""seq"": 4, ""clics"": 1, ""misses"": 0, ""resultado"": ""Correcto""}","Mozilla/5.0 (iPhone; CPU iPhone OS 18_7 like Mac OS X) AppleWebKit/605.1.15 (KHTML, like Gecko) Version/26.6.1 Mobile/15E148 Safari/604.1",390x699@3
3141a352-6905-4f31-a3b7-36343056c59c,8d8d0e3b-d30a-4cd1-a7d7-c9661f1fb03e,P05,1,2,2026-10-09T15:01:50.381Z,583846,primer-clic,T4,S07,A,task.start,,,,,,,,,,"{""seed"": ""deck-finished"", ""orden"": 3, ""prueba"": ""Primer clic""}","Mozilla/5.0 (iPhone; CPU iPhone OS 18_7 like Mac OS X) AppleWebKit/605.1.15 (KHTML, like Gecko) Version/26.6.1 Mobile/15E148 Safari/604.1",390x699@3
8ecc69e0-b293-4ed4-8362-29fd5fe1c319,8d8d0e3b-d30a-4cd1-a7d7-c9661f1fb03e,P05,1,2,2026-10-09T15:01:50.391Z,583856,primer-clic,T4,S07,A,screen.view,,,,,,,,,,"{""flujo"": ""Mazo: gestión""}","Mozilla/5.0 (iPhone; CPU iPhone OS 18_7 like Mac OS X) AppleWebKit/605.1.15 (KHTML, like Gecko) Version/26.6.1 Mobile/15E148 Safari/604.1",390x699@3
e45b3313-54de-4e88-8e95-5fd8b478f165,8d8d0e3b-d30a-4cd1-a7d7-c9661f1fb03e,P05,1,2,2026-10-09T15:02:05.892Z,599357,primer-clic,T4,S07,A,drag,38.3,50.6,none,false,,Miss click,1,15.2,arriba,"{""dx"": -166, ""dy"": -376, ""ms"": 329}","Mozilla/5.0 (iPhone; CPU iPhone OS 18_7 like Mac OS X) AppleWebKit/605.1.15 (KHTML, like Gecko) Version/26.6.1 Mobile/15E148 Safari/604.1",390x699@3
db0c657f-4c0c-4858-8c61-04ff1e7b3b34,8d8d0e3b-d30a-4cd1-a7d7-c9661f1fb03e,P05,1,2,2026-10-09T15:02:09.588Z,603053,primer-clic,T4,S07,A,tap,63.7,85.2,S07.ir-ver,true,,Miss click,2,19.1,,,"Mozilla/5.0 (iPhone; CPU iPhone OS 18_7 like Mac OS X) AppleWebKit/605.1.15 (KHTML, like Gecko) Version/26.6.1 Mobile/15E148 Safari/604.1",390x739@3
934096d1-7209-4ef3-b8a8-dbe718f5ff59,8d8d0e3b-d30a-4cd1-a7d7-c9661f1fb03e,P05,1,2,2026-10-09T15:02:09.593Z,603059,primer-clic,T4,S07,A,action,,,,,,,,,recarga.ir-ver,,"Mozilla/5.0 (iPhone; CPU iPhone OS 18_7 like Mac OS X) AppleWebKit/605.1.15 (KHTML, like Gecko) Version/26.6.1 Mobile/15E148 Safari/604.1",390x739@3
980fe1ff-a0d8-4718-9038-04402a51d27c,8d8d0e3b-d30a-4cd1-a7d7-c9661f1fb03e,P05,1,2,2026-10-09T15:02:09.604Z,603069,primer-clic,T4,S04,A,screen.view,,,,,,,,,,"{""flujo"": ""Ver: retomar y decidir""}","Mozilla/5.0 (iPhone; CPU iPhone OS 18_7 like Mac OS X) AppleWebKit/605.1.15 (KHTML, like Gecko) Version/26.6.1 Mobile/15E148 Safari/604.1",390x739@3
0f81b745-f30b-4dae-b52c-279b6610ff26,8d8d0e3b-d30a-4cd1-a7d7-c9661f1fb03e,P05,1,2,2026-10-09T15:02:11.686Z,605151,primer-clic,T4,S04,A,tap,73.7,92.7,tabbar.descubrir,true,,Sin zona definida,3,21.2,,,"Mozilla/5.0 (iPhone; CPU iPhone OS 18_7 like Mac OS X) AppleWebKit/605.1.15 (KHTML, like Gecko) Version/26.6.1 Mobile/15E148 Safari/604.1",390x739@3
0fcefcb3-70fb-4679-bc43-75bd1e2d2deb,8d8d0e3b-d30a-4cd1-a7d7-c9661f1fb03e,P05,1,2,2026-10-09T15:02:11.694Z,605159,primer-clic,T4,S04,A,action,,,,,,,,,nav.tab,"{""tab"": ""descubrir""}","Mozilla/5.0 (iPhone; CPU iPhone OS 18_7 like Mac OS X) AppleWebKit/605.1.15 (KHTML, like Gecko) Version/26.6.1 Mobile/15E148 Safari/604.1",390x739@3
b1494efa-3ba5-425b-b2ce-73ce10d9c3f3,8d8d0e3b-d30a-4cd1-a7d7-c9661f1fb03e,P05,1,2,2026-10-09T15:02:11.702Z,605167,primer-clic,T4,S01,A,screen.view,,,,,,,,,,"{""flujo"": ""Entrada a la app""}","Mozilla/5.0 (iPhone; CPU iPhone OS 18_7 like Mac OS X) AppleWebKit/605.1.15 (KHTML, like Gecko) Version/26.6.1 Mobile/15E148 Safari/604.1",390x739@3
4809bc81-dd33-4c54-ad80-d08f02fdd44d,8d8d0e3b-d30a-4cd1-a7d7-c9661f1fb03e,P05,1,2,2026-10-09T15:02:16.041Z,609506,primer-clic,T4,S01,A,answer,,,,,,,,,2,"{""q"": ""SEQ""}","Mozilla/5.0 (iPhone; CPU iPhone OS 18_7 like Mac OS X) AppleWebKit/605.1.15 (KHTML, like Gecko) Version/26.6.1 Mobile/15E148 Safari/604.1",390x699@3
3f55cfa3-cdea-456e-94e2-cf64dd496da2,8d8d0e3b-d30a-4cd1-a7d7-c9661f1fb03e,P05,1,2,2026-10-09T15:02:22.857Z,616322,primer-clic,T4,S01,A,answer,,,,,,,,,No hay sección de mazo nuevo,"{""q"": ""SEQ-porque""}","Mozilla/5.0 (iPhone; CPU iPhone OS 18_7 like Mac OS X) AppleWebKit/605.1.15 (KHTML, like Gecko) Version/26.6.1 Mobile/15E148 Safari/604.1",390x699@3
38400070-85e1-42ed-ab3b-7ac711a63e04,8d8d0e3b-d30a-4cd1-a7d7-c9661f1fb03e,P05,1,2,2026-10-09T15:02:33.636Z,627102,primer-clic,T4,S01,A,answer,,,,,,,,,No pude encontrar el mazo,"{""q"": ""esperabas""}","Mozilla/5.0 (iPhone; CPU iPhone OS 18_7 like Mac OS X) AppleWebKit/605.1.15 (KHTML, like Gecko) Version/26.6.1 Mobile/15E148 Safari/604.1",390x699@3
2b3f5dc8-ad3c-4bf7-88bb-b9f8e3290552,8d8d0e3b-d30a-4cd1-a7d7-c9661f1fb03e,P05,1,2,2026-10-09T15:02:33.637Z,627102,primer-clic,T4,S01,A,task.end,,,,,,,,,max,"{""seq"": 2, ""clics"": 3, ""misses"": 2, ""resultado"": ""Miss click""}","Mozilla/5.0 (iPhone; CPU iPhone OS 18_7 like Mac OS X) AppleWebKit/605.1.15 (KHTML, like Gecko) Version/26.6.1 Mobile/15E148 Safari/604.1",390x699@3
4ba4380c-fc2c-450a-b23e-25523625b4eb,8d8d0e3b-d30a-4cd1-a7d7-c9661f1fb03e,P05,1,2,2026-10-09T15:02:37.989Z,631454,primer-clic,T2,S02,A,task.start,,,,,,,,,,"{""seed"": ""deck-nolan-start"", ""orden"": 4, ""prueba"": ""Primer clic""}","Mozilla/5.0 (iPhone; CPU iPhone OS 18_7 like Mac OS X) AppleWebKit/605.1.15 (KHTML, like Gecko) Version/26.6.1 Mobile/15E148 Safari/604.1",390x699@3
2b417d0d-73de-47d1-9d84-cdb2be604406,8d8d0e3b-d30a-4cd1-a7d7-c9661f1fb03e,P05,1,2,2026-10-09T15:02:38.008Z,631473,primer-clic,T2,S02,A,screen.view,,,,,,,,,,"{""flujo"": ""Descubrir: explorar y guardar""}","Mozilla/5.0 (iPhone; CPU iPhone OS 18_7 like Mac OS X) AppleWebKit/605.1.15 (KHTML, like Gecko) Version/26.6.1 Mobile/15E148 Safari/604.1",390x699@3
3e83ad1e-252e-47d7-9e48-6cb02f26702a,8d8d0e3b-d30a-4cd1-a7d7-c9661f1fb03e,P05,1,2,2026-10-09T15:02:40.011Z,633476,primer-clic,T2,S02,A,tap,21.5,22.4,S02.card,true,aceptable,Aceptable,1,1.9,,,"Mozilla/5.0 (iPhone; CPU iPhone OS 18_7 like Mac OS X) AppleWebKit/605.1.15 (KHTML, like Gecko) Version/26.6.1 Mobile/15E148 Safari/604.1",390x699@3
fa0bd280-d67d-4d0d-969e-c957141459d2,8d8d0e3b-d30a-4cd1-a7d7-c9661f1fb03e,P05,1,2,2026-10-09T15:02:40.012Z,633477,primer-clic,T2,S02,A,action,,,,,,,,,card.flip,"{""to"": true, ""film"": ""interstellar""}","Mozilla/5.0 (iPhone; CPU iPhone OS 18_7 like Mac OS X) AppleWebKit/605.1.15 (KHTML, like Gecko) Version/26.6.1 Mobile/15E148 Safari/604.1",390x699@3
b9e2a7bd-72db-4a90-822b-bba1ea44a8ac,8d8d0e3b-d30a-4cd1-a7d7-c9661f1fb03e,P05,1,2,2026-10-09T15:02:40.013Z,633479,primer-clic,T2,S02.flipped,A,screen.view,,,,,,,,,,"{""flujo"": ""Descubrir: explorar y guardar""}","Mozilla/5.0 (iPhone; CPU iPhone OS 18_7 like Mac OS X) AppleWebKit/605.1.15 (KHTML, like Gecko) Version/26.6.1 Mobile/15E148 Safari/604.1",390x699@3
02293afa-38ee-4b03-baf0-730f4640bac2,8d8d0e3b-d30a-4cd1-a7d7-c9661f1fb03e,P05,1,2,2026-10-09T15:02:50.469Z,643934,primer-clic,T2,S02.flipped,A,tap,44.9,44.5,S02.card,true,aceptable,Aceptable,2,12.4,,,"Mozilla/5.0 (iPhone; CPU iPhone OS 18_7 like Mac OS X) AppleWebKit/605.1.15 (KHTML, like Gecko) Version/26.6.1 Mobile/15E148 Safari/604.1",390x739@3
3207b95f-3dc7-4221-9c1e-d005cdba3234,8d8d0e3b-d30a-4cd1-a7d7-c9661f1fb03e,P05,1,2,2026-10-09T15:02:50.470Z,643935,primer-clic,T2,S02.flipped,A,action,,,,,,,,,card.flip,"{""to"": false, ""film"": ""interstellar""}","Mozilla/5.0 (iPhone; CPU iPhone OS 18_7 like Mac OS X) AppleWebKit/605.1.15 (KHTML, like Gecko) Version/26.6.1 Mobile/15E148 Safari/604.1",390x739@3
8e41eac9-ce1c-48f3-a4f4-dea448dd6eb0,8d8d0e3b-d30a-4cd1-a7d7-c9661f1fb03e,P05,1,2,2026-10-09T15:02:50.472Z,643938,primer-clic,T2,S02,A,screen.view,,,,,,,,,,"{""flujo"": ""Descubrir: explorar y guardar""}","Mozilla/5.0 (iPhone; CPU iPhone OS 18_7 like Mac OS X) AppleWebKit/605.1.15 (KHTML, like Gecko) Version/26.6.1 Mobile/15E148 Safari/604.1",390x739@3
c21799e3-b08b-46a5-9efe-505ca7a4d91e,8d8d0e3b-d30a-4cd1-a7d7-c9661f1fb03e,P05,1,2,2026-10-09T15:02:51.224Z,644689,primer-clic,T2,S02,A,tap,42.4,44.4,S02.card,true,aceptable,Aceptable,3,13.1,,,"Mozilla/5.0 (iPhone; CPU iPhone OS 18_7 like Mac OS X) AppleWebKit/605.1.15 (KHTML, like Gecko) Version/26.6.1 Mobile/15E148 Safari/604.1",390x739@3
2b48c984-43b1-4412-b445-1d264e0e6c12,8d8d0e3b-d30a-4cd1-a7d7-c9661f1fb03e,P05,1,2,2026-10-09T15:02:51.224Z,644689,primer-clic,T2,S02,A,action,,,,,,,,,card.flip,"{""to"": true, ""film"": ""interstellar""}","Mozilla/5.0 (iPhone; CPU iPhone OS 18_7 like Mac OS X) AppleWebKit/605.1.15 (KHTML, like Gecko) Version/26.6.1 Mobile/15E148 Safari/604.1",390x739@3
d60c5fb4-5085-4ddd-8da5-f84a5f25a202,8d8d0e3b-d30a-4cd1-a7d7-c9661f1fb03e,P05,1,2,2026-10-09T15:02:51.225Z,644690,primer-clic,T2,S02.flipped,A,screen.view,,,,,,,,,,"{""flujo"": ""Descubrir: explorar y guardar""}","Mozilla/5.0 (iPhone; CPU iPhone OS 18_7 like Mac OS X) AppleWebKit/605.1.15 (KHTML, like Gecko) Version/26.6.1 Mobile/15E148 Safari/604.1",390x739@3
805cf091-5941-400b-a62c-5472b3b99e78,8d8d0e3b-d30a-4cd1-a7d7-c9661f1fb03e,P05,1,2,2026-10-09T15:02:54.946Z,648411,primer-clic,T2,S02.flipped,A,answer,,,,,,,,,7,"{""q"": ""SEQ""}","Mozilla/5.0 (iPhone; CPU iPhone OS 18_7 like Mac OS X) AppleWebKit/605.1.15 (KHTML, like Gecko) Version/26.6.1 Mobile/15E148 Safari/604.1",390x699@3
3027a405-cef7-486a-b437-6a8613d5da0c,8d8d0e3b-d30a-4cd1-a7d7-c9661f1fb03e,P05,1,2,2026-10-09T15:03:12.141Z,665607,primer-clic,T2,S02.flipped,A,answer,,,,,,,,,Lo que sucedió. Pero ya había visto ese funcionamiento entonces ya lo conocía,"{""q"": ""esperabas""}","Mozilla/5.0 (iPhone; CPU iPhone OS 18_7 like Mac OS X) AppleWebKit/605.1.15 (KHTML, like Gecko) Version/26.6.1 Mobile/15E148 Safari/604.1",390x699@3
6189dd10-daf9-43c4-b4ee-f86ca49753d2,8d8d0e3b-d30a-4cd1-a7d7-c9661f1fb03e,P05,1,2,2026-10-09T15:03:12.142Z,665608,primer-clic,T2,S02.flipped,A,task.end,,,,,,,,,max,"{""seq"": 7, ""clics"": 3, ""misses"": 0, ""resultado"": ""Aceptable""}","Mozilla/5.0 (iPhone; CPU iPhone OS 18_7 like Mac OS X) AppleWebKit/605.1.15 (KHTML, like Gecko) Version/26.6.1 Mobile/15E148 Safari/604.1",390x699@3
3e244690-6b02-4a40-a5ea-ee3fc2cd6abb,8d8d0e3b-d30a-4cd1-a7d7-c9661f1fb03e,P05,1,2,2026-10-09T15:03:15.408Z,668874,primer-clic,T3,S01,A,task.start,,,,,,,,,,"{""seed"": ""fresh"", ""orden"": 5, ""prueba"": ""Primer clic""}","Mozilla/5.0 (iPhone; CPU iPhone OS 18_7 like Mac OS X) AppleWebKit/605.1.15 (KHTML, like Gecko) Version/26.6.1 Mobile/15E148 Safari/604.1",390x699@3
1534cbe0-d470-4655-825f-414b3b816fb8,8d8d0e3b-d30a-4cd1-a7d7-c9661f1fb03e,P05,1,2,2026-10-09T15:03:15.415Z,668881,primer-clic,T3,S01,A,screen.view,,,,,,,,,,"{""flujo"": ""Entrada a la app""}","Mozilla/5.0 (iPhone; CPU iPhone OS 18_7 like Mac OS X) AppleWebKit/605.1.15 (KHTML, like Gecko) Version/26.6.1 Mobile/15E148 Safari/604.1",390x699@3
52ca94e6-d5af-407f-bb5a-dff50bca1984,8d8d0e3b-d30a-4cd1-a7d7-c9661f1fb03e,P05,1,2,2026-10-09T15:03:19.383Z,672848,primer-clic,T3,S01,A,tap,25.2,95,tabbar.ver,true,correcta,Correcto,1,3.9,,,"Mozilla/5.0 (iPhone; CPU iPhone OS 18_7 like Mac OS X) AppleWebKit/605.1.15 (KHTML, like Gecko) Version/26.6.1 Mobile/15E148 Safari/604.1",390x699@3
3fa17fe2-7e3e-4e3b-a9f0-2dea22a21739,8d8d0e3b-d30a-4cd1-a7d7-c9661f1fb03e,P05,1,2,2026-10-09T15:03:19.393Z,672858,primer-clic,T3,S01,A,action,,,,,,,,,nav.tab,"{""tab"": ""ver""}","Mozilla/5.0 (iPhone; CPU iPhone OS 18_7 like Mac OS X) AppleWebKit/605.1.15 (KHTML, like Gecko) Version/26.6.1 Mobile/15E148 Safari/604.1",390x699@3
9d788522-bca0-4096-8c4a-5f8afa69ee9b,8d8d0e3b-d30a-4cd1-a7d7-c9661f1fb03e,P05,1,2,2026-10-09T15:03:19.403Z,672869,primer-clic,T3,S04.stuck,A,screen.view,,,,,,,,,,"{""flujo"": ""Ver: retomar y decidir""}","Mozilla/5.0 (iPhone; CPU iPhone OS 18_7 like Mac OS X) AppleWebKit/605.1.15 (KHTML, like Gecko) Version/26.6.1 Mobile/15E148 Safari/604.1",390x699@3
15e3f98a-b428-4fcf-9c0c-4df84da11bd7,8d8d0e3b-d30a-4cd1-a7d7-c9661f1fb03e,P05,1,2,2026-10-09T15:03:23.475Z,676941,primer-clic,T3,S04.stuck,A,answer,,,,,,,,,5,"{""q"": ""SEQ""}","Mozilla/5.0 (iPhone; CPU iPhone OS 18_7 like Mac OS X) AppleWebKit/605.1.15 (KHTML, like Gecko) Version/26.6.1 Mobile/15E148 Safari/604.1",390x699@3
19676038-3635-45e6-8a5c-fc9aa545bffe,8d8d0e3b-d30a-4cd1-a7d7-c9661f1fb03e,P05,1,2,2026-10-09T15:03:32.068Z,685534,primer-clic,T3,S04.stuck,A,answer,,,,,,,,,Cambiar a sección de ver,"{""q"": ""esperabas""}","Mozilla/5.0 (iPhone; CPU iPhone OS 18_7 like Mac OS X) AppleWebKit/605.1.15 (KHTML, like Gecko) Version/26.6.1 Mobile/15E148 Safari/604.1",390x699@3
9da34ae4-bf0a-4a05-917f-1b73b0f1b493,8d8d0e3b-d30a-4cd1-a7d7-c9661f1fb03e,P05,1,2,2026-10-09T15:03:32.069Z,685534,primer-clic,T3,S04.stuck,A,task.end,,,,,,,,,correcto,"{""seq"": 5, ""clics"": 1, ""misses"": 0, ""resultado"": ""Correcto""}","Mozilla/5.0 (iPhone; CPU iPhone OS 18_7 like Mac OS X) AppleWebKit/605.1.15 (KHTML, like Gecko) Version/26.6.1 Mobile/15E148 Safari/604.1",390x699@3
6808dbe6-a3f0-4a18-a9e4-f43567becedb,8d8d0e3b-d30a-4cd1-a7d7-c9661f1fb03e,P05,1,2,2026-10-09T15:03:32.073Z,685539,primer-clic,T3,S04.stuck,A,phase.end,,,,,,,,,2,,"Mozilla/5.0 (iPhone; CPU iPhone OS 18_7 like Mac OS X) AppleWebKit/605.1.15 (KHTML, like Gecko) Version/26.6.1 Mobile/15E148 Safari/604.1",390x699@3
86c29765-2a10-4c70-ad48-69a02a82b9aa,8d8d0e3b-d30a-4cd1-a7d7-c9661f1fb03e,P05,1,3,2026-10-09T15:03:35.937Z,689402,primer-clic,T3,S04.stuck,A,phase.start,,,,,,,,,3,,"Mozilla/5.0 (iPhone; CPU iPhone OS 18_7 like Mac OS X) AppleWebKit/605.1.15 (KHTML, like Gecko) Version/26.6.1 Mobile/15E148 Safari/604.1",390x699@3
b5cdf78e-fd98-4da7-a48f-a0e9047c1202,8d8d0e3b-d30a-4cd1-a7d7-c9661f1fb03e,P05,1,3,2026-10-09T15:03:42.700Z,696166,flujos,D1,S01,A,task.start,,,,,,,,,,"{""seed"": ""fresh"", ""flujo"": ""F-D"", ""orden"": 1, ""prueba"": ""Flujos""}","Mozilla/5.0 (iPhone; CPU iPhone OS 18_7 like Mac OS X) AppleWebKit/605.1.15 (KHTML, like Gecko) Version/26.6.1 Mobile/15E148 Safari/604.1",390x699@3
a111206c-d78b-4197-8a2d-385292540245,8d8d0e3b-d30a-4cd1-a7d7-c9661f1fb03e,P05,1,3,2026-10-09T15:03:42.708Z,696174,flujos,D1,S01,A,screen.view,,,,,,,,,,"{""flujo"": ""Entrada a la app""}","Mozilla/5.0 (iPhone; CPU iPhone OS 18_7 like Mac OS X) AppleWebKit/605.1.15 (KHTML, like Gecko) Version/26.6.1 Mobile/15E148 Safari/604.1",390x699@3
02184837-5464-475b-abf4-cda1c69ec9b8,8d8d0e3b-d30a-4cd1-a7d7-c9661f1fb03e,P05,1,3,2026-10-09T15:03:45.307Z,698772,flujos,D1,S01,A,tap,25.8,35.1,S01.mood-apagar,true,,Sin zona definida,1,2.5,,,"Mozilla/5.0 (iPhone; CPU iPhone OS 18_7 like Mac OS X) AppleWebKit/605.1.15 (KHTML, like Gecko) Version/26.6.1 Mobile/15E148 Safari/604.1",390x699@3
e228b475-1eaa-4110-ac61-1c8c5922eb3b,8d8d0e3b-d30a-4cd1-a7d7-c9661f1fb03e,P05,1,3,2026-10-09T15:03:45.311Z,698777,flujos,D1,S01,A,action,,,,,,,,,mood.picked,"{""mood"": ""apagar""}","Mozilla/5.0 (iPhone; CPU iPhone OS 18_7 like Mac OS X) AppleWebKit/605.1.15 (KHTML, like Gecko) Version/26.6.1 Mobile/15E148 Safari/604.1",390x699@3
9a2fd0a7-77cf-479a-a4c3-6aa200f9e5ba,8d8d0e3b-d30a-4cd1-a7d7-c9661f1fb03e,P05,1,3,2026-10-09T15:03:45.312Z,698778,flujos,D1,S01.sheet,A,screen.view,,,,,,,,,,"{""flujo"": ""Entrada a la app""}","Mozilla/5.0 (iPhone; CPU iPhone OS 18_7 like Mac OS X) AppleWebKit/605.1.15 (KHTML, like Gecko) Version/26.6.1 Mobile/15E148 Safari/604.1",390x699@3
5bf83bfc-43e7-44b1-8111-2d97d457fc5f,8d8d0e3b-d30a-4cd1-a7d7-c9661f1fb03e,P05,1,3,2026-10-09T15:03:46.675Z,700140,flujos,D1,S01.sheet,A,tap,23.2,88.2,S01.continuar,true,,Sin zona definida,2,3.9,,,"Mozilla/5.0 (iPhone; CPU iPhone OS 18_7 like Mac OS X) AppleWebKit/605.1.15 (KHTML, like Gecko) Version/26.6.1 Mobile/15E148 Safari/604.1",390x699@3
14e5cc9e-00c9-4137-9721-5cbe2dd0409c,8d8d0e3b-d30a-4cd1-a7d7-c9661f1fb03e,P05,1,3,2026-10-09T15:03:46.681Z,700147,flujos,D1,S01.sheet,A,action,,,,,,,,,mood.continue,"{""mood"": ""apagar""}","Mozilla/5.0 (iPhone; CPU iPhone OS 18_7 like Mac OS X) AppleWebKit/605.1.15 (KHTML, like Gecko) Version/26.6.1 Mobile/15E148 Safari/604.1",390x699@3
1e1cad4c-16f5-47aa-ab16-4bbaba548c72,8d8d0e3b-d30a-4cd1-a7d7-c9661f1fb03e,P05,1,3,2026-10-09T15:03:46.686Z,700152,flujos,D1,S06,A,screen.view,,,,,,,,,,"{""flujo"": ""Descubrir: entrada""}","Mozilla/5.0 (iPhone; CPU iPhone OS 18_7 like Mac OS X) AppleWebKit/605.1.15 (KHTML, like Gecko) Version/26.6.1 Mobile/15E148 Safari/604.1",390x699@3
c4239802-0876-48a4-98db-c24588c00792,8d8d0e3b-d30a-4cd1-a7d7-c9661f1fb03e,P05,1,3,2026-10-09T15:03:48.905Z,702371,flujos,D1,S06,A,tap,29.3,61.2,S06.ver-mazos,true,,Sin zona definida,3,6.1,,,"Mozilla/5.0 (iPhone; CPU iPhone OS 18_7 like Mac OS X) AppleWebKit/605.1.15 (KHTML, like Gecko) Version/26.6.1 Mobile/15E148 Safari/604.1",390x699@3
743c5df1-0443-4ecc-ae5b-1987aac31a9c,8d8d0e3b-d30a-4cd1-a7d7-c9661f1fb03e,P05,1,3,2026-10-09T15:03:48.912Z,702378,flujos,D1,S06,A,action,,,,,,,,,mood.lectura.continue,,"Mozilla/5.0 (iPhone; CPU iPhone OS 18_7 like Mac OS X) AppleWebKit/605.1.15 (KHTML, like Gecko) Version/26.6.1 Mobile/15E148 Safari/604.1",390x699@3
ad84d81c-e0ff-4f34-b037-0da80b9094fc,8d8d0e3b-d30a-4cd1-a7d7-c9661f1fb03e,P05,1,3,2026-10-09T15:03:48.922Z,702387,flujos,D1,S05,A,screen.view,,,,,,,,,,"{""flujo"": ""Mazo: gestión""}","Mozilla/5.0 (iPhone; CPU iPhone OS 18_7 like Mac OS X) AppleWebKit/605.1.15 (KHTML, like Gecko) Version/26.6.1 Mobile/15E148 Safari/604.1",390x699@3
4cd381bb-51e7-49fc-8281-cd946ad37720,8d8d0e3b-d30a-4cd1-a7d7-c9661f1fb03e,P05,1,3,2026-10-09T15:03:53.275Z,706740,flujos,D1,S05,A,answer,,,,,,,,,5,"{""q"": ""SEQ""}","Mozilla/5.0 (iPhone; CPU iPhone OS 18_7 like Mac OS X) AppleWebKit/605.1.15 (KHTML, like Gecko) Version/26.6.1 Mobile/15E148 Safari/604.1",390x699@3
93d14059-ba8b-4ea7-888f-a8fe08c93624,8d8d0e3b-d30a-4cd1-a7d7-c9661f1fb03e,P05,1,3,2026-10-09T15:03:53.277Z,706743,flujos,D1,S05,A,task.end,,,,,,,,,Éxito directo,"{""seg"": 6.2, ""seq"": 5, ""ruta"": ""S01 > S01.sheet > S06 > S05"", ""pasos"": [true, true, true, true], ""toques"": 3, ""misclicks"": 0}","Mozilla/5.0 (iPhone; CPU iPhone OS 18_7 like Mac OS X) AppleWebKit/605.1.15 (KHTML, like Gecko) Version/26.6.1 Mobile/15E148 Safari/604.1",390x699@3
d80bb3ef-4ef9-42d4-9a1d-ccb24a57da34,8d8d0e3b-d30a-4cd1-a7d7-c9661f1fb03e,P05,1,3,2026-10-09T15:04:00.156Z,713621,flujos,M1,S05,A,task.start,,,,,,,,,,"{""seed"": ""mazos-en-curso"", ""flujo"": ""F-M"", ""orden"": 2, ""prueba"": ""Flujos""}","Mozilla/5.0 (iPhone; CPU iPhone OS 18_7 like Mac OS X) AppleWebKit/605.1.15 (KHTML, like Gecko) Version/26.6.1 Mobile/15E148 Safari/604.1",390x699@3
94ce27cb-ff08-4685-b6d3-3c988c514d6b,8d8d0e3b-d30a-4cd1-a7d7-c9661f1fb03e,P05,1,3,2026-10-09T15:04:00.161Z,713627,flujos,M1,S05,A,screen.view,,,,,,,,,,"{""flujo"": ""Mazo: gestión""}","Mozilla/5.0 (iPhone; CPU iPhone OS 18_7 like Mac OS X) AppleWebKit/605.1.15 (KHTML, like Gecko) Version/26.6.1 Mobile/15E148 Safari/604.1",390x699@3
33d6016b-47b8-4203-9679-a1a16c1eb98b,8d8d0e3b-d30a-4cd1-a7d7-c9661f1fb03e,P05,1,3,2026-10-09T15:04:05.940Z,719406,flujos,M1,S05,A,drag,27,70.9,none,false,,Sin zona definida,1,5.7,arriba,"{""dx"": -141, ""dy"": -469, ""ms"": 115}","Mozilla/5.0 (iPhone; CPU iPhone OS 18_7 like Mac OS X) AppleWebKit/605.1.15 (KHTML, like Gecko) Version/26.6.1 Mobile/15E148 Safari/604.1",390x699@3
d184b51e-cada-4362-9aed-cc9c50ecd41b,8d8d0e3b-d30a-4cd1-a7d7-c9661f1fb03e,P05,1,3,2026-10-09T15:04:07.532Z,720998,flujos,M1,S05,A,tap,20.2,63.3,S05.deck-nolan,true,,Sin zona definida,2,7.3,,,"Mozilla/5.0 (iPhone; CPU iPhone OS 18_7 like Mac OS X) AppleWebKit/605.1.15 (KHTML, like Gecko) Version/26.6.1 Mobile/15E148 Safari/604.1",390x699@3
ca796cf0-b31e-44ec-a4a5-c33dc8acd80f,8d8d0e3b-d30a-4cd1-a7d7-c9661f1fb03e,P05,1,3,2026-10-09T15:04:07.540Z,721005,flujos,M1,S05,A,action,,,,,,,,,deck.pick:nolan,"{""via"": ""carrusel""}","Mozilla/5.0 (iPhone; CPU iPhone OS 18_7 like Mac OS X) AppleWebKit/605.1.15 (KHTML, like Gecko) Version/26.6.1 Mobile/15E148 Safari/604.1",390x699@3
40a72996-3159-414b-a52b-d81684d08d11,8d8d0e3b-d30a-4cd1-a7d7-c9661f1fb03e,P05,1,3,2026-10-09T15:04:08.481Z,721946,flujos,M1,S05,A,tap,17.5,63.3,S05.deck-nolan,true,,Sin zona definida,3,8.2,,,"Mozilla/5.0 (iPhone; CPU iPhone OS 18_7 like Mac OS X) AppleWebKit/605.1.15 (KHTML, like Gecko) Version/26.6.1 Mobile/15E148 Safari/604.1",390x699@3
72b99362-ac03-4fd6-948a-9baa40d8f402,8d8d0e3b-d30a-4cd1-a7d7-c9661f1fb03e,P05,1,3,2026-10-09T15:04:08.488Z,721953,flujos,M1,S05,A,action,,,,,,,,,deck.pick:nolan,"{""via"": ""carrusel""}","Mozilla/5.0 (iPhone; CPU iPhone OS 18_7 like Mac OS X) AppleWebKit/605.1.15 (KHTML, like Gecko) Version/26.6.1 Mobile/15E148 Safari/604.1",390x699@3
4540dbe2-d12f-43c4-8238-828de7e2328c,8d8d0e3b-d30a-4cd1-a7d7-c9661f1fb03e,P05,1,3,2026-10-09T15:04:09.313Z,722779,flujos,M1,S05,A,tap,52.3,66.5,S05.deck-creadores,true,,Sin zona definida,4,9.1,,,"Mozilla/5.0 (iPhone; CPU iPhone OS 18_7 like Mac OS X) AppleWebKit/605.1.15 (KHTML, like Gecko) Version/26.6.1 Mobile/15E148 Safari/604.1",390x699@3
a2ad23b3-e8f1-4606-84b9-1a022f158655,8d8d0e3b-d30a-4cd1-a7d7-c9661f1fb03e,P05,1,3,2026-10-09T15:04:09.317Z,722783,flujos,M1,S05,A,action,,,,,,,,,deck.pick:creadores,"{""via"": ""carrusel""}","Mozilla/5.0 (iPhone; CPU iPhone OS 18_7 like Mac OS X) AppleWebKit/605.1.15 (KHTML, like Gecko) Version/26.6.1 Mobile/15E148 Safari/604.1",390x699@3
264447af-a984-4df9-868c-c4304fffee8a,8d8d0e3b-d30a-4cd1-a7d7-c9661f1fb03e,P05,1,3,2026-10-09T15:04:09.964Z,723430,flujos,M1,S05,A,tap,20,61.3,S05.deck-nolan,true,,Sin zona definida,5,9.7,,,"Mozilla/5.0 (iPhone; CPU iPhone OS 18_7 like Mac OS X) AppleWebKit/605.1.15 (KHTML, like Gecko) Version/26.6.1 Mobile/15E148 Safari/604.1",390x699@3
7d40fbca-b8db-4cde-93b0-1621f6a40c1f,8d8d0e3b-d30a-4cd1-a7d7-c9661f1fb03e,P05,1,3,2026-10-09T15:04:09.971Z,723436,flujos,M1,S05,A,action,,,,,,,,,deck.pick:nolan,"{""via"": ""carrusel""}","Mozilla/5.0 (iPhone; CPU iPhone OS 18_7 like Mac OS X) AppleWebKit/605.1.15 (KHTML, like Gecko) Version/26.6.1 Mobile/15E148 Safari/604.1",390x699@3
e2e48c69-256e-484c-8f83-e70ffac12b48,8d8d0e3b-d30a-4cd1-a7d7-c9661f1fb03e,P05,1,3,2026-10-09T15:04:10.996Z,724462,flujos,M1,S05,A,drag,25.2,75.2,S05.deck-nolan,true,,Sin zona definida,6,10.8,arriba,"{""dx"": -137, ""dy"": -491, ""ms"": 83}","Mozilla/5.0 (iPhone; CPU iPhone OS 18_7 like Mac OS X) AppleWebKit/605.1.15 (KHTML, like Gecko) Version/26.6.1 Mobile/15E148 Safari/604.1",390x699@3
19934af7-2a64-4dd5-b6a1-2b7e549b33e0,8d8d0e3b-d30a-4cd1-a7d7-c9661f1fb03e,P05,1,3,2026-10-09T15:04:11.812Z,725278,flujos,M1,S05,A,drag,21.8,72.8,none,false,,Sin zona definida,7,11.6,arriba,"{""dx"": -129, ""dy"": -479, ""ms"": 55}","Mozilla/5.0 (iPhone; CPU iPhone OS 18_7 like Mac OS X) AppleWebKit/605.1.15 (KHTML, like Gecko) Version/26.6.1 Mobile/15E148 Safari/604.1",390x699@3
93c37e6e-7a78-44fd-93ef-ee9f5aa77acf,8d8d0e3b-d30a-4cd1-a7d7-c9661f1fb03e,P05,1,3,2026-10-09T15:04:13.729Z,727195,flujos,M1,S05,A,tap,28.5,76.9,S05.otro-barajar,true,,Sin zona definida,8,13.5,,,"Mozilla/5.0 (iPhone; CPU iPhone OS 18_7 like Mac OS X) AppleWebKit/605.1.15 (KHTML, like Gecko) Version/26.6.1 Mobile/15E148 Safari/604.1",390x699@3
aedfd04a-215b-4fa1-976b-fcb9fb8a1092,8d8d0e3b-d30a-4cd1-a7d7-c9661f1fb03e,P05,1,3,2026-10-09T15:04:13.733Z,727199,flujos,M1,S05,A,action,,,,,,,,,deck.pick:nolan,"{""via"": ""otro""}","Mozilla/5.0 (iPhone; CPU iPhone OS 18_7 like Mac OS X) AppleWebKit/605.1.15 (KHTML, like Gecko) Version/26.6.1 Mobile/15E148 Safari/604.1",390x699@3
febc2a47-6fe4-47f1-96be-fbda846954d1,8d8d0e3b-d30a-4cd1-a7d7-c9661f1fb03e,P05,1,3,2026-10-09T15:04:13.734Z,727200,flujos,M1,S05.confirm,A,screen.view,,,,,,,,,,"{""flujo"": ""Mazo: gestión""}","Mozilla/5.0 (iPhone; CPU iPhone OS 18_7 like Mac OS X) AppleWebKit/605.1.15 (KHTML, like Gecko) Version/26.6.1 Mobile/15E148 Safari/604.1",390x699@3
5dd21243-0eda-4675-b445-ab57865f1b5e,8d8d0e3b-d30a-4cd1-a7d7-c9661f1fb03e,P05,1,3,2026-10-09T15:04:15.432Z,728898,flujos,M1,S05.confirm,A,tap,73,93.9,S05.abrir-otro,true,,Sin zona definida,9,15.2,,,"Mozilla/5.0 (iPhone; CPU iPhone OS 18_7 like Mac OS X) AppleWebKit/605.1.15 (KHTML, like Gecko) Version/26.6.1 Mobile/15E148 Safari/604.1",390x699@3
e70a58f1-63d8-4c74-9380-6b0b7bf9b5a4,8d8d0e3b-d30a-4cd1-a7d7-c9661f1fb03e,P05,1,3,2026-10-09T15:04:15.441Z,728907,flujos,M1,S05.confirm,A,action,,,,,,,,,swap.confirm,,"Mozilla/5.0 (iPhone; CPU iPhone OS 18_7 like Mac OS X) AppleWebKit/605.1.15 (KHTML, like Gecko) Version/26.6.1 Mobile/15E148 Safari/604.1",390x699@3
59c74d87-1336-45d5-a025-91435df123bc,8d8d0e3b-d30a-4cd1-a7d7-c9661f1fb03e,P05,1,3,2026-10-09T15:04:15.442Z,728907,flujos,M1,S05.confirm,A,action,,,,,,,,,deck.dealt,"{""deck"": ""nolan""}","Mozilla/5.0 (iPhone; CPU iPhone OS 18_7 like Mac OS X) AppleWebKit/605.1.15 (KHTML, like Gecko) Version/26.6.1 Mobile/15E148 Safari/604.1",390x699@3
a78e0d88-ea8e-4d0f-93a6-e55a672a2f5e,8d8d0e3b-d30a-4cd1-a7d7-c9661f1fb03e,P05,1,3,2026-10-09T15:04:15.446Z,728911,flujos,M1,S05.barajando,A,screen.view,,,,,,,,,,"{""flujo"": ""Mazo: gestión""}","Mozilla/5.0 (iPhone; CPU iPhone OS 18_7 like Mac OS X) AppleWebKit/605.1.15 (KHTML, like Gecko) Version/26.6.1 Mobile/15E148 Safari/604.1",390x699@3
f1cd88ce-2b05-4dcc-a738-852037511f61,8d8d0e3b-d30a-4cd1-a7d7-c9661f1fb03e,P05,1,3,2026-10-09T15:04:17.358Z,730824,flujos,M1,S05.listo,A,screen.view,,,,,,,,,,"{""flujo"": ""Mazo: gestión""}","Mozilla/5.0 (iPhone; CPU iPhone OS 18_7 like Mac OS X) AppleWebKit/605.1.15 (KHTML, like Gecko) Version/26.6.1 Mobile/15E148 Safari/604.1",390x699@3
c80a3d58-5ce1-4657-9169-9e070090e8b1,8d8d0e3b-d30a-4cd1-a7d7-c9661f1fb03e,P05,1,3,2026-10-09T15:04:19.296Z,732762,flujos,M1,S05.listo,A,tap,32.1,68,S05.empezar,true,,Sin zona definida,10,19.1,,,"Mozilla/5.0 (iPhone; CPU iPhone OS 18_7 like Mac OS X) AppleWebKit/605.1.15 (KHTML, like Gecko) Version/26.6.1 Mobile/15E148 Safari/604.1",390x699@3
11e1b1cc-7ea7-4bfd-a511-53f3e71951a1,8d8d0e3b-d30a-4cd1-a7d7-c9661f1fb03e,P05,1,3,2026-10-09T15:04:19.301Z,732766,flujos,M1,S05.listo,A,action,,,,,,,,,deck.start,,"Mozilla/5.0 (iPhone; CPU iPhone OS 18_7 like Mac OS X) AppleWebKit/605.1.15 (KHTML, like Gecko) Version/26.6.1 Mobile/15E148 Safari/604.1",390x699@3
19335dd3-8630-4198-ab7e-c786d16d5e17,8d8d0e3b-d30a-4cd1-a7d7-c9661f1fb03e,P05,1,3,2026-10-09T15:04:19.305Z,732771,flujos,M1,S02,A,screen.view,,,,,,,,,,"{""flujo"": ""Descubrir: explorar y guardar""}","Mozilla/5.0 (iPhone; CPU iPhone OS 18_7 like Mac OS X) AppleWebKit/605.1.15 (KHTML, like Gecko) Version/26.6.1 Mobile/15E148 Safari/604.1",390x699@3
8a19df8f-74c7-4a0a-8e0c-45dfe06ec781,8d8d0e3b-d30a-4cd1-a7d7-c9661f1fb03e,P05,1,3,2026-10-09T15:04:23.048Z,736514,flujos,M1,S02,A,answer,,,,,,,,,3,"{""q"": ""SEQ""}","Mozilla/5.0 (iPhone; CPU iPhone OS 18_7 like Mac OS X) AppleWebKit/605.1.15 (KHTML, like Gecko) Version/26.6.1 Mobile/15E148 Safari/604.1",390x699@3
0b4be41c-aa21-495b-8dfc-e2db103241b4,8d8d0e3b-d30a-4cd1-a7d7-c9661f1fb03e,P05,1,3,2026-10-09T15:04:33.868Z,747334,flujos,M1,S02,A,answer,,,,,,,,,Hay dos botones similares que barajan cosas distintas,"{""q"": ""SEQ-porque""}","Mozilla/5.0 (iPhone; CPU iPhone OS 18_7 like Mac OS X) AppleWebKit/605.1.15 (KHTML, like Gecko) Version/26.6.1 Mobile/15E148 Safari/604.1",390x699@3
254f2c63-34c3-4f59-a6d8-6b76871fa9d1,8d8d0e3b-d30a-4cd1-a7d7-c9661f1fb03e,P05,1,3,2026-10-09T15:04:33.869Z,747335,flujos,M1,S02,A,task.end,,,,,,,,,Éxito directo,"{""seg"": 19.1, ""seq"": 3, ""ruta"": ""S05 > S05.confirm > S05.barajando > S05.listo > S02"", ""pasos"": [true, true, true, true], ""toques"": 10, ""misclicks"": 2}","Mozilla/5.0 (iPhone; CPU iPhone OS 18_7 like Mac OS X) AppleWebKit/605.1.15 (KHTML, like Gecko) Version/26.6.1 Mobile/15E148 Safari/604.1",390x699@3
1d3d67dd-2a71-4435-93a1-1a503b5c93b3,8d8d0e3b-d30a-4cd1-a7d7-c9661f1fb03e,P05,1,3,2026-10-09T15:04:38.700Z,752166,flujos,D2,S02,A,task.start,,,,,,,,,,"{""seed"": ""deck-nolan-start"", ""flujo"": ""F-D"", ""orden"": 3, ""prueba"": ""Flujos""}","Mozilla/5.0 (iPhone; CPU iPhone OS 18_7 like Mac OS X) AppleWebKit/605.1.15 (KHTML, like Gecko) Version/26.6.1 Mobile/15E148 Safari/604.1",390x699@3
065d58f3-fe96-436e-bfa6-bca239ecfd3f,8d8d0e3b-d30a-4cd1-a7d7-c9661f1fb03e,P05,1,3,2026-10-09T15:04:38.708Z,752173,flujos,D2,S02,A,screen.view,,,,,,,,,,"{""flujo"": ""Descubrir: explorar y guardar""}","Mozilla/5.0 (iPhone; CPU iPhone OS 18_7 like Mac OS X) AppleWebKit/605.1.15 (KHTML, like Gecko) Version/26.6.1 Mobile/15E148 Safari/604.1",390x699@3
922fb49b-5c6c-4866-8284-4c9e35226d4e,8d8d0e3b-d30a-4cd1-a7d7-c9661f1fb03e,P05,1,3,2026-10-09T15:04:40.638Z,754104,flujos,D2,S02,A,drag,18.3,30.1,S02.card,true,,Sin zona definida,1,1.8,derecha,"{""dx"": 172, ""dy"": 88, ""ms"": 127}","Mozilla/5.0 (iPhone; CPU iPhone OS 18_7 like Mac OS X) AppleWebKit/605.1.15 (KHTML, like Gecko) Version/26.6.1 Mobile/15E148 Safari/604.1",390x699@3
b53d1ef2-b525-44bc-b1b9-e117a136c4e2,8d8d0e3b-d30a-4cd1-a7d7-c9661f1fb03e,P05,1,3,2026-10-09T15:04:40.639Z,754105,flujos,D2,S02,A,action,,,,,,,,,mark.ring,"{""dir"": ""right"", ""film"": ""interstellar""}","Mozilla/5.0 (iPhone; CPU iPhone OS 18_7 like Mac OS X) AppleWebKit/605.1.15 (KHTML, like Gecko) Version/26.6.1 Mobile/15E148 Safari/604.1",390x699@3
36b94703-266e-4ed0-8804-f6742dc82087,8d8d0e3b-d30a-4cd1-a7d7-c9661f1fb03e,P05,1,3,2026-10-09T15:04:40.981Z,754446,flujos,D2,S02,A,action,,,,,,,,,match.special,"{""film"": ""interstellar""}","Mozilla/5.0 (iPhone; CPU iPhone OS 18_7 like Mac OS X) AppleWebKit/605.1.15 (KHTML, like Gecko) Version/26.6.1 Mobile/15E148 Safari/604.1",390x699@3
a37c7861-44b9-46d4-af6f-b186f7207047,8d8d0e3b-d30a-4cd1-a7d7-c9661f1fb03e,P05,1,3,2026-10-09T15:04:40.998Z,754464,flujos,D2,S02.match,A,screen.view,,,,,,,,,,"{""flujo"": ""Descubrir: explorar y guardar""}","Mozilla/5.0 (iPhone; CPU iPhone OS 18_7 like Mac OS X) AppleWebKit/605.1.15 (KHTML, like Gecko) Version/26.6.1 Mobile/15E148 Safari/604.1",390x699@3
cc846580-5b97-4964-9f78-366266c959c5,8d8d0e3b-d30a-4cd1-a7d7-c9661f1fb03e,P05,1,3,2026-10-09T15:04:44.622Z,758088,flujos,D2,S02.match,A,tap,60.8,84,S02.match-seguir,true,,Sin zona definida,2,5.8,,,"Mozilla/5.0 (iPhone; CPU iPhone OS 18_7 like Mac OS X) AppleWebKit/605.1.15 (KHTML, like Gecko) Version/26.6.1 Mobile/15E148 Safari/604.1",390x699@3
7eaa5d70-35a1-4f26-9428-6468982f42ea,8d8d0e3b-d30a-4cd1-a7d7-c9661f1fb03e,P05,1,3,2026-10-09T15:04:44.633Z,758099,flujos,D2,S02,A,screen.view,,,,,,,,,,"{""flujo"": ""Descubrir: explorar y guardar""}","Mozilla/5.0 (iPhone; CPU iPhone OS 18_7 like Mac OS X) AppleWebKit/605.1.15 (KHTML, like Gecko) Version/26.6.1 Mobile/15E148 Safari/604.1",390x699@3
21edaf50-e99f-4d4c-9de7-8be7be7e6259,8d8d0e3b-d30a-4cd1-a7d7-c9661f1fb03e,P05,1,3,2026-10-09T15:04:48.640Z,762106,flujos,D2,S02,A,tap,25.5,24.1,S02.card,true,,Sin zona definida,3,9.9,,,"Mozilla/5.0 (iPhone; CPU iPhone OS 18_7 like Mac OS X) AppleWebKit/605.1.15 (KHTML, like Gecko) Version/26.6.1 Mobile/15E148 Safari/604.1",390x699@3
61ab285b-1465-470f-8da9-7130840245c2,8d8d0e3b-d30a-4cd1-a7d7-c9661f1fb03e,P05,1,3,2026-10-09T15:04:48.641Z,762106,flujos,D2,S02,A,action,,,,,,,,,card.flip,"{""to"": true, ""film"": ""oppenheimer""}","Mozilla/5.0 (iPhone; CPU iPhone OS 18_7 like Mac OS X) AppleWebKit/605.1.15 (KHTML, like Gecko) Version/26.6.1 Mobile/15E148 Safari/604.1",390x699@3
8c4f2230-0c0b-4236-a0ed-da9e92c20e27,8d8d0e3b-d30a-4cd1-a7d7-c9661f1fb03e,P05,1,3,2026-10-09T15:04:48.643Z,762109,flujos,D2,S02.flipped,A,screen.view,,,,,,,,,,"{""flujo"": ""Descubrir: explorar y guardar""}","Mozilla/5.0 (iPhone; CPU iPhone OS 18_7 like Mac OS X) AppleWebKit/605.1.15 (KHTML, like Gecko) Version/26.6.1 Mobile/15E148 Safari/604.1",390x699@3
f0ad256e-3b8b-4119-a00e-3394513b2855,8d8d0e3b-d30a-4cd1-a7d7-c9661f1fb03e,P05,1,3,2026-10-09T15:04:49.834Z,763300,flujos,D2,S02.flipped,A,drag,64.6,39.9,S02.card,true,,Sin zona definida,4,10.9,izquierda,"{""dx"": -135, ""dy"": -52, ""ms"": 226}","Mozilla/5.0 (iPhone; CPU iPhone OS 18_7 like Mac OS X) AppleWebKit/605.1.15 (KHTML, like Gecko) Version/26.6.1 Mobile/15E148 Safari/604.1",390x699@3
9b46e506-1a19-48cf-956e-d7c6f2fa255c,8d8d0e3b-d30a-4cd1-a7d7-c9661f1fb03e,P05,1,3,2026-10-09T15:04:49.834Z,763300,flujos,D2,S02.flipped,A,action,,,,,,,,,mark.x,"{""dir"": ""left"", ""film"": ""oppenheimer""}","Mozilla/5.0 (iPhone; CPU iPhone OS 18_7 like Mac OS X) AppleWebKit/605.1.15 (KHTML, like Gecko) Version/26.6.1 Mobile/15E148 Safari/604.1",390x699@3
858d0b5d-0adc-4e5b-8002-3b81d15e6ddf,8d8d0e3b-d30a-4cd1-a7d7-c9661f1fb03e,P05,1,3,2026-10-09T15:04:50.177Z,763642,flujos,D2,S02,A,screen.view,,,,,,,,,,"{""flujo"": ""Descubrir: explorar y guardar""}","Mozilla/5.0 (iPhone; CPU iPhone OS 18_7 like Mac OS X) AppleWebKit/605.1.15 (KHTML, like Gecko) Version/26.6.1 Mobile/15E148 Safari/604.1",390x699@3
cb425927-ace7-40e3-9b77-ff51858adb39,8d8d0e3b-d30a-4cd1-a7d7-c9661f1fb03e,P05,1,3,2026-10-09T15:04:52.321Z,765787,flujos,D2,S02,A,tap,19.8,23,S02.card,true,,Sin zona definida,5,13.6,,,"Mozilla/5.0 (iPhone; CPU iPhone OS 18_7 like Mac OS X) AppleWebKit/605.1.15 (KHTML, like Gecko) Version/26.6.1 Mobile/15E148 Safari/604.1",390x699@3
06b44291-a16a-4b64-ac6e-42cf695e9883,8d8d0e3b-d30a-4cd1-a7d7-c9661f1fb03e,P05,1,3,2026-10-09T15:04:52.322Z,765788,flujos,D2,S02,A,action,,,,,,,,,card.flip,"{""to"": true, ""film"": ""darkknight""}","Mozilla/5.0 (iPhone; CPU iPhone OS 18_7 like Mac OS X) AppleWebKit/605.1.15 (KHTML, like Gecko) Version/26.6.1 Mobile/15E148 Safari/604.1",390x699@3
5beec771-0628-4f39-9f73-98282ec6c57c,8d8d0e3b-d30a-4cd1-a7d7-c9661f1fb03e,P05,1,3,2026-10-09T15:04:52.324Z,765790,flujos,D2,S02.flipped,A,screen.view,,,,,,,,,,"{""flujo"": ""Descubrir: explorar y guardar""}","Mozilla/5.0 (iPhone; CPU iPhone OS 18_7 like Mac OS X) AppleWebKit/605.1.15 (KHTML, like Gecko) Version/26.6.1 Mobile/15E148 Safari/604.1",390x699@3
c6746d14-c1b9-44db-b9e3-ef9464fbfcfc,8d8d0e3b-d30a-4cd1-a7d7-c9661f1fb03e,P05,1,3,2026-10-09T15:04:53.052Z,766517,flujos,D2,S02.flipped,A,drag,19,30.1,S02.card,true,,Sin zona definida,6,14.3,derecha,"{""dx"": 134, ""dy"": 65, ""ms"": 86}","Mozilla/5.0 (iPhone; CPU iPhone OS 18_7 like Mac OS X) AppleWebKit/605.1.15 (KHTML, like Gecko) Version/26.6.1 Mobile/15E148 Safari/604.1",390x699@3
08a89e70-4d71-466f-8a72-e868d644f59d,8d8d0e3b-d30a-4cd1-a7d7-c9661f1fb03e,P05,1,3,2026-10-09T15:04:53.052Z,766518,flujos,D2,S02.flipped,A,action,,,,,,,,,mark.ring,"{""dir"": ""right"", ""film"": ""darkknight""}","Mozilla/5.0 (iPhone; CPU iPhone OS 18_7 like Mac OS X) AppleWebKit/605.1.15 (KHTML, like Gecko) Version/26.6.1 Mobile/15E148 Safari/604.1",390x699@3
c5256884-019e-424e-b7a0-7065d2e7f581,8d8d0e3b-d30a-4cd1-a7d7-c9661f1fb03e,P05,1,3,2026-10-09T15:04:53.397Z,766863,flujos,D2,S02.fin,A,screen.view,,,,,,,,,,"{""flujo"": ""Descubrir: explorar y guardar""}","Mozilla/5.0 (iPhone; CPU iPhone OS 18_7 like Mac OS X) AppleWebKit/605.1.15 (KHTML, like Gecko) Version/26.6.1 Mobile/15E148 Safari/604.1",390x699@3
1cef89a9-1163-4828-98b6-80427a84d192,8d8d0e3b-d30a-4cd1-a7d7-c9661f1fb03e,P05,1,3,2026-10-09T15:04:56.526Z,769992,flujos,D2,S02.fin,A,answer,,,,,,,,,5,"{""q"": ""SEQ""}","Mozilla/5.0 (iPhone; CPU iPhone OS 18_7 like Mac OS X) AppleWebKit/605.1.15 (KHTML, like Gecko) Version/26.6.1 Mobile/15E148 Safari/604.1",390x699@3
49ae158b-84fe-433b-896e-5798a530e36f,8d8d0e3b-d30a-4cd1-a7d7-c9661f1fb03e,P05,1,3,2026-10-09T15:04:56.528Z,769994,flujos,D2,S02.fin,A,task.end,,,,,,,,,Éxito directo,"{""seg"": 14.7, ""seq"": 5, ""ruta"": ""S02 > S02.match > S02 > S02.flipped > S02 > S02.flipped > S02.fin"", ""pasos"": [true, true, true, true], ""toques"": 6, ""misclicks"": 0}","Mozilla/5.0 (iPhone; CPU iPhone OS 18_7 like Mac OS X) AppleWebKit/605.1.15 (KHTML, like Gecko) Version/26.6.1 Mobile/15E148 Safari/604.1",390x699@3
68dbfc71-0276-4d26-a4c6-9a15e593fe6c,8d8d0e3b-d30a-4cd1-a7d7-c9661f1fb03e,P05,1,3,2026-10-09T15:05:03.492Z,776958,flujos,V2,S04,A,task.start,,,,,,,,,,"{""seed"": ""ver-pool"", ""flujo"": ""F-V"", ""orden"": 4, ""prueba"": ""Flujos""}","Mozilla/5.0 (iPhone; CPU iPhone OS 18_7 like Mac OS X) AppleWebKit/605.1.15 (KHTML, like Gecko) Version/26.6.1 Mobile/15E148 Safari/604.1",390x699@3
9f45ec5a-8966-4e07-b755-e31b6adb7b99,8d8d0e3b-d30a-4cd1-a7d7-c9661f1fb03e,P05,1,3,2026-10-09T15:05:03.500Z,776966,flujos,V2,S04,A,screen.view,,,,,,,,,,"{""flujo"": ""Ver: retomar y decidir""}","Mozilla/5.0 (iPhone; CPU iPhone OS 18_7 like Mac OS X) AppleWebKit/605.1.15 (KHTML, like Gecko) Version/26.6.1 Mobile/15E148 Safari/604.1",390x699@3
a47c1ea1-c616-4da7-a325-bd7dfc0ff489,8d8d0e3b-d30a-4cd1-a7d7-c9661f1fb03e,P05,1,3,2026-10-09T15:05:04.600Z,778065,flujos,V2,S04,A,tap,82.5,81.4,S04.btn-verla,true,,Sin zona definida,1,1,,,"Mozilla/5.0 (iPhone; CPU iPhone OS 18_7 like Mac OS X) AppleWebKit/605.1.15 (KHTML, like Gecko) Version/26.6.1 Mobile/15E148 Safari/604.1",390x699@3
b0a0ab89-e439-4568-987b-3d079bde91bb,8d8d0e3b-d30a-4cd1-a7d7-c9661f1fb03e,P05,1,3,2026-10-09T15:05:04.607Z,778073,flujos,V2,S04,A,action,,,,,,,,,ver.watch,"{""film"": ""interstellar""}","Mozilla/5.0 (iPhone; CPU iPhone OS 18_7 like Mac OS X) AppleWebKit/605.1.15 (KHTML, like Gecko) Version/26.6.1 Mobile/15E148 Safari/604.1",390x699@3
8b3638df-c7dd-4c73-8a46-172e21a84ec8,8d8d0e3b-d30a-4cd1-a7d7-c9661f1fb03e,P05,1,3,2026-10-09T15:05:04.611Z,778077,flujos,V2,S04.sheet-plat,A,screen.view,,,,,,,,,,"{""flujo"": ""Ver: retomar y decidir""}","Mozilla/5.0 (iPhone; CPU iPhone OS 18_7 like Mac OS X) AppleWebKit/605.1.15 (KHTML, like Gecko) Version/26.6.1 Mobile/15E148 Safari/604.1",390x699@3
5e27179a-fbbd-4129-9756-54e6242c7694,8d8d0e3b-d30a-4cd1-a7d7-c9661f1fb03e,P05,1,3,2026-10-09T15:05:05.816Z,779281,flujos,V2,S04.sheet-plat,A,tap,79.3,89.5,S04.abrir-plataforma,true,,Sin zona definida,2,2.3,,,"Mozilla/5.0 (iPhone; CPU iPhone OS 18_7 like Mac OS X) AppleWebKit/605.1.15 (KHTML, like Gecko) Version/26.6.1 Mobile/15E148 Safari/604.1",390x699@3
56ed9fb1-99b4-413e-94ef-d6fedf862477,8d8d0e3b-d30a-4cd1-a7d7-c9661f1fb03e,P05,1,3,2026-10-09T15:05:05.822Z,779288,flujos,V2,S04.sheet-plat,A,action,,,,,,,,,platform.opened,"{""film"": ""interstellar"", ""platform"": ""Netflix""}","Mozilla/5.0 (iPhone; CPU iPhone OS 18_7 like Mac OS X) AppleWebKit/605.1.15 (KHTML, like Gecko) Version/26.6.1 Mobile/15E148 Safari/604.1",390x699@3
7d9dd8b5-f04a-4f58-b19e-07c5bc2a9732,8d8d0e3b-d30a-4cd1-a7d7-c9661f1fb03e,P05,1,3,2026-10-09T15:05:05.824Z,779290,flujos,V2,S04.away,A,screen.view,,,,,,,,,,"{""flujo"": ""Ver: retomar y decidir""}","Mozilla/5.0 (iPhone; CPU iPhone OS 18_7 like Mac OS X) AppleWebKit/605.1.15 (KHTML, like Gecko) Version/26.6.1 Mobile/15E148 Safari/604.1",390x699@3
a077162d-1ae0-4cbb-bd38-b7c9e4f5e26d,8d8d0e3b-d30a-4cd1-a7d7-c9661f1fb03e,P05,1,3,2026-10-09T15:05:07.781Z,781246,flujos,V2,S04.away,A,tap,30.3,62.2,S04.volver-kinoo,true,,Sin zona definida,3,4.2,,,"Mozilla/5.0 (iPhone; CPU iPhone OS 18_7 like Mac OS X) AppleWebKit/605.1.15 (KHTML, like Gecko) Version/26.6.1 Mobile/15E148 Safari/604.1",390x699@3
f75016a1-e78d-4c37-b673-7c9bdce4c37c,8d8d0e3b-d30a-4cd1-a7d7-c9661f1fb03e,P05,1,3,2026-10-09T15:05:07.786Z,781252,flujos,V2,S04.away,A,action,,,,,,,,,ver.volver,,"Mozilla/5.0 (iPhone; CPU iPhone OS 18_7 like Mac OS X) AppleWebKit/605.1.15 (KHTML, like Gecko) Version/26.6.1 Mobile/15E148 Safari/604.1",390x699@3
36a0f817-b1aa-4285-b561-f56711e417b2,8d8d0e3b-d30a-4cd1-a7d7-c9661f1fb03e,P05,1,3,2026-10-09T15:05:07.788Z,781254,flujos,V2,S03.back,A,screen.view,,,,,,,,,,"{""flujo"": ""Ver: ficha y calificación""}","Mozilla/5.0 (iPhone; CPU iPhone OS 18_7 like Mac OS X) AppleWebKit/605.1.15 (KHTML, like Gecko) Version/26.6.1 Mobile/15E148 Safari/604.1",390x699@3
e13a7f10-5bcb-4ffd-858d-f3d8f0891ed5,8d8d0e3b-d30a-4cd1-a7d7-c9661f1fb03e,P05,1,3,2026-10-09T15:05:08.932Z,782398,flujos,V2,S03.back,A,tap,76.6,92.1,S03.si-la-vi,true,,Sin zona definida,4,5.3,,,"Mozilla/5.0 (iPhone; CPU iPhone OS 18_7 like Mac OS X) AppleWebKit/605.1.15 (KHTML, like Gecko) Version/26.6.1 Mobile/15E148 Safari/604.1",390x699@3
1ce1ace7-9b32-4028-b045-cf6fb86e378c,8d8d0e3b-d30a-4cd1-a7d7-c9661f1fb03e,P05,1,3,2026-10-09T15:05:08.940Z,782406,flujos,V2,S03.back,A,action,,,,,,,,,ver.sawit,"{""film"": ""interstellar""}","Mozilla/5.0 (iPhone; CPU iPhone OS 18_7 like Mac OS X) AppleWebKit/605.1.15 (KHTML, like Gecko) Version/26.6.1 Mobile/15E148 Safari/604.1",390x699@3
d84ca0d8-30da-472a-a842-ee748ce91fb7,8d8d0e3b-d30a-4cd1-a7d7-c9661f1fb03e,P05,1,3,2026-10-09T15:05:08.944Z,782410,flujos,V2,S03,A,screen.view,,,,,,,,,,"{""flujo"": ""Ver: ficha y calificación""}","Mozilla/5.0 (iPhone; CPU iPhone OS 18_7 like Mac OS X) AppleWebKit/605.1.15 (KHTML, like Gecko) Version/26.6.1 Mobile/15E148 Safari/604.1",390x699@3
8983c6c8-a45c-4dc8-a988-f0668b0a3a1d,8d8d0e3b-d30a-4cd1-a7d7-c9661f1fb03e,P05,1,3,2026-10-09T15:05:13.352Z,786818,flujos,V2,S03,A,answer,,,,,,,,,6,"{""q"": ""SEQ""}","Mozilla/5.0 (iPhone; CPU iPhone OS 18_7 like Mac OS X) AppleWebKit/605.1.15 (KHTML, like Gecko) Version/26.6.1 Mobile/15E148 Safari/604.1",390x699@3
a4e26b03-c9de-4f9c-b2ad-494aeb5943af,8d8d0e3b-d30a-4cd1-a7d7-c9661f1fb03e,P05,1,3,2026-10-09T15:05:13.353Z,786818,flujos,V2,S03,A,task.end,,,,,,,,,Éxito directo,"{""seg"": 5.5, ""seq"": 6, ""ruta"": ""S04 > S04.sheet-plat > S04.away > S03.back > S03"", ""pasos"": [true, true, true, true, true], ""toques"": 4, ""misclicks"": 0}","Mozilla/5.0 (iPhone; CPU iPhone OS 18_7 like Mac OS X) AppleWebKit/605.1.15 (KHTML, like Gecko) Version/26.6.1 Mobile/15E148 Safari/604.1",390x699@3
d55f0204-339d-4e90-b75d-a1075e7dce3b,8d8d0e3b-d30a-4cd1-a7d7-c9661f1fb03e,P05,1,3,2026-10-09T15:05:15.872Z,789338,flujos,V3,S04,A,task.start,,,,,,,,,,"{""seed"": ""ver-pool"", ""flujo"": ""F-V"", ""orden"": 5, ""prueba"": ""Flujos""}","Mozilla/5.0 (iPhone; CPU iPhone OS 18_7 like Mac OS X) AppleWebKit/605.1.15 (KHTML, like Gecko) Version/26.6.1 Mobile/15E148 Safari/604.1",390x699@3
150f2191-284e-487d-bef1-173cfedaa889,8d8d0e3b-d30a-4cd1-a7d7-c9661f1fb03e,P05,1,3,2026-10-09T15:05:15.879Z,789345,flujos,V3,S04,A,screen.view,,,,,,,,,,"{""flujo"": ""Ver: retomar y decidir""}","Mozilla/5.0 (iPhone; CPU iPhone OS 18_7 like Mac OS X) AppleWebKit/605.1.15 (KHTML, like Gecko) Version/26.6.1 Mobile/15E148 Safari/604.1",390x699@3
b4fb8663-5081-4e3b-a76c-de71792cb622,8d8d0e3b-d30a-4cd1-a7d7-c9661f1fb03e,P05,1,3,2026-10-09T15:05:19.659Z,793125,flujos,V3,S04,A,drag,37.4,53.3,S04.card,true,,Sin zona definida,1,2.8,arriba,"{""dx"": -7, ""dy"": -113, ""ms"": 988}","Mozilla/5.0 (iPhone; CPU iPhone OS 18_7 like Mac OS X) AppleWebKit/605.1.15 (KHTML, like Gecko) Version/26.6.1 Mobile/15E148 Safari/604.1",390x699@3
668eb29f-9602-4539-8e14-25d1281a33cc,8d8d0e3b-d30a-4cd1-a7d7-c9661f1fb03e,P05,1,3,2026-10-09T15:05:20.441Z,793907,flujos,V3,S04,A,drag,37.1,22.5,S04.mood-apagar,true,,Sin zona definida,2,4.5,arriba,"{""dx"": -165, ""dy"": -222, ""ms"": 69}","Mozilla/5.0 (iPhone; CPU iPhone OS 18_7 like Mac OS X) AppleWebKit/605.1.15 (KHTML, like Gecko) Version/26.6.1 Mobile/15E148 Safari/604.1",390x699@3
f5f66ce5-3027-439b-b123-b69e2ea80eb1,8d8d0e3b-d30a-4cd1-a7d7-c9661f1fb03e,P05,1,3,2026-10-09T15:05:22.357Z,795823,flujos,V3,S04,A,drag,40.2,22.9,S04.mood-sentir,true,,Sin zona definida,3,6.4,arriba,"{""dx"": -172, ""dy"": -225, ""ms"": 85}","Mozilla/5.0 (iPhone; CPU iPhone OS 18_7 like Mac OS X) AppleWebKit/605.1.15 (KHTML, like Gecko) Version/26.6.1 Mobile/15E148 Safari/604.1",390x699@3
3bcee469-d336-4232-a9d9-4cc77e9b9ba8,8d8d0e3b-d30a-4cd1-a7d7-c9661f1fb03e,P05,1,3,2026-10-09T15:05:23.299Z,796765,flujos,V3,S04,A,drag,42.8,24.2,S04.mood-reir,true,,Sin zona definida,4,7.3,arriba,"{""dx"": -178, ""dy"": -231, ""ms"": 129}","Mozilla/5.0 (iPhone; CPU iPhone OS 18_7 like Mac OS X) AppleWebKit/605.1.15 (KHTML, like Gecko) Version/26.6.1 Mobile/15E148 Safari/604.1",390x699@3
dea9ff7b-3ca3-4145-89d7-756cbeff0a6c,8d8d0e3b-d30a-4cd1-a7d7-c9661f1fb03e,P05,1,3,2026-10-09T15:05:24.455Z,797921,flujos,V3,S04,A,drag,10.3,23.6,S04.mood-pensar,true,,Sin zona definida,5,8.5,arriba,"{""dx"": -102, ""dy"": -228, ""ms"": 35}","Mozilla/5.0 (iPhone; CPU iPhone OS 18_7 like Mac OS X) AppleWebKit/605.1.15 (KHTML, like Gecko) Version/26.6.1 Mobile/15E148 Safari/604.1",390x699@3
bfd6b970-1cba-4ab8-b334-6b68a33c26be,8d8d0e3b-d30a-4cd1-a7d7-c9661f1fb03e,P05,1,3,2026-10-09T15:05:28.906Z,802372,flujos,V3,S04,A,drag,61.5,59,S04.card,true,,Sin zona definida,6,11.6,izquierda,"{""dx"": -149, ""dy"": -23, ""ms"": 1405}","Mozilla/5.0 (iPhone; CPU iPhone OS 18_7 like Mac OS X) AppleWebKit/605.1.15 (KHTML, like Gecko) Version/26.6.1 Mobile/15E148 Safari/604.1",390x699@3
08546e18-2d59-4631-b3f3-689c38f3890b,8d8d0e3b-d30a-4cd1-a7d7-c9661f1fb03e,P05,1,3,2026-10-09T15:05:28.907Z,802373,flujos,V3,S04,A,action,,,,,,,,,ver.otra,"{""n"": 1, ""film"": ""interstellar""}","Mozilla/5.0 (iPhone; CPU iPhone OS 18_7 like Mac OS X) AppleWebKit/605.1.15 (KHTML, like Gecko) Version/26.6.1 Mobile/15E148 Safari/604.1",390x699@3
9229ec96-de5c-4724-a6f3-cd36a843ce48,8d8d0e3b-d30a-4cd1-a7d7-c9661f1fb03e,P05,1,3,2026-10-09T15:05:30.007Z,803473,flujos,V3,S04,A,drag,54.7,54.9,S04.card,true,,Sin zona definida,7,14,izquierda,"{""dx"": -121, ""dy"": -29, ""ms"": 105}","Mozilla/5.0 (iPhone; CPU iPhone OS 18_7 like Mac OS X) AppleWebKit/605.1.15 (KHTML, like Gecko) Version/26.6.1 Mobile/15E148 Safari/604.1",390x699@3
3d6a4ddb-2eda-4476-8fd5-2e55ed43abc0,8d8d0e3b-d30a-4cd1-a7d7-c9661f1fb03e,P05,1,3,2026-10-09T15:05:30.007Z,803473,flujos,V3,S04,A,action,,,,,,,,,ver.otra,"{""n"": 2, ""film"": ""oppenheimer""}","Mozilla/5.0 (iPhone; CPU iPhone OS 18_7 like Mac OS X) AppleWebKit/605.1.15 (KHTML, like Gecko) Version/26.6.1 Mobile/15E148 Safari/604.1",390x699@3
15159996-e8a4-43f3-957e-f6f9fb57efcc,8d8d0e3b-d30a-4cd1-a7d7-c9661f1fb03e,P05,1,3,2026-10-09T15:05:31.023Z,804489,flujos,V3,S04,A,drag,54.1,52.7,S04.card,true,,Sin zona definida,8,15,izquierda,"{""dx"": -130, ""dy"": -46, ""ms"": 140}","Mozilla/5.0 (iPhone; CPU iPhone OS 18_7 like Mac OS X) AppleWebKit/605.1.15 (KHTML, like Gecko) Version/26.6.1 Mobile/15E148 Safari/604.1",390x699@3
08816c52-aec2-4dcf-868d-67451094f3fb,8d8d0e3b-d30a-4cd1-a7d7-c9661f1fb03e,P05,1,3,2026-10-09T15:05:31.023Z,804489,flujos,V3,S04,A,action,,,,,,,,,ver.otra,"{""n"": 3, ""film"": ""darkknight""}","Mozilla/5.0 (iPhone; CPU iPhone OS 18_7 like Mac OS X) AppleWebKit/605.1.15 (KHTML, like Gecko) Version/26.6.1 Mobile/15E148 Safari/604.1",390x699@3
c649d1bc-c865-499a-ade2-9019e0c703b3,8d8d0e3b-d30a-4cd1-a7d7-c9661f1fb03e,P05,1,3,2026-10-09T15:05:31.269Z,804735,flujos,V3,S04.stuck,A,screen.view,,,,,,,,,,"{""flujo"": ""Ver: retomar y decidir""}","Mozilla/5.0 (iPhone; CPU iPhone OS 18_7 like Mac OS X) AppleWebKit/605.1.15 (KHTML, like Gecko) Version/26.6.1 Mobile/15E148 Safari/604.1",390x699@3
f9c1ef12-73f2-4733-bc00-d9eb38b8e3c6,8d8d0e3b-d30a-4cd1-a7d7-c9661f1fb03e,P05,1,3,2026-10-09T15:05:32.625Z,806091,flujos,V3,S04.stuck,A,drag,56.1,53.7,none,false,,Sin zona definida,9,16.5,arriba,"{""dx"": -209, ""dy"": -381, ""ms"": 290}","Mozilla/5.0 (iPhone; CPU iPhone OS 18_7 like Mac OS X) AppleWebKit/605.1.15 (KHTML, like Gecko) Version/26.6.1 Mobile/15E148 Safari/604.1",390x699@3
2c69fe63-90e6-4238-b815-f7b3dca25f86,8d8d0e3b-d30a-4cd1-a7d7-c9661f1fb03e,P05,1,3,2026-10-09T15:05:33.524Z,806990,flujos,V3,S04.stuck,A,tap,73.8,93.6,tabbar.descubrir,true,,Sin zona definida,10,17.6,,,"Mozilla/5.0 (iPhone; CPU iPhone OS 18_7 like Mac OS X) AppleWebKit/605.1.15 (KHTML, like Gecko) Version/26.6.1 Mobile/15E148 Safari/604.1",390x699@3
81a64922-b901-427f-9976-734ccb131f91,8d8d0e3b-d30a-4cd1-a7d7-c9661f1fb03e,P05,1,3,2026-10-09T15:05:33.534Z,807000,flujos,V3,S04.stuck,A,action,,,,,,,,,nav.tab,"{""tab"": ""descubrir""}","Mozilla/5.0 (iPhone; CPU iPhone OS 18_7 like Mac OS X) AppleWebKit/605.1.15 (KHTML, like Gecko) Version/26.6.1 Mobile/15E148 Safari/604.1",390x699@3
4c7ac6b6-f1c3-485d-86cc-04e8eddf27a6,8d8d0e3b-d30a-4cd1-a7d7-c9661f1fb03e,P05,1,3,2026-10-09T15:05:33.541Z,807007,flujos,V3,S01,A,screen.view,,,,,,,,,,"{""flujo"": ""Entrada a la app""}","Mozilla/5.0 (iPhone; CPU iPhone OS 18_7 like Mac OS X) AppleWebKit/605.1.15 (KHTML, like Gecko) Version/26.6.1 Mobile/15E148 Safari/604.1",390x699@3
d8a22eaa-1ce9-40a8-90d0-082ca07d3df9,8d8d0e3b-d30a-4cd1-a7d7-c9661f1fb03e,P05,1,3,2026-10-09T15:05:35.682Z,809148,flujos,V3,S01,A,drag,25.2,55.7,S01.mood-escapar,true,,Sin zona definida,11,19.7,arriba,"{""dx"": -137, ""dy"": -391, ""ms"": 129}","Mozilla/5.0 (iPhone; CPU iPhone OS 18_7 like Mac OS X) AppleWebKit/605.1.15 (KHTML, like Gecko) Version/26.6.1 Mobile/15E148 Safari/604.1",390x699@3
a918af34-db1a-487b-b78d-d5e0d3e5efb1,8d8d0e3b-d30a-4cd1-a7d7-c9661f1fb03e,P05,1,3,2026-10-09T15:05:38.642Z,812108,flujos,V3,S01,A,tap,90.4,4.4,header.perfil,true,,Sin zona definida,12,22.7,,,"Mozilla/5.0 (iPhone; CPU iPhone OS 18_7 like Mac OS X) AppleWebKit/605.1.15 (KHTML, like Gecko) Version/26.6.1 Mobile/15E148 Safari/604.1",390x699@3
9544989e-35b6-414c-b23b-301634a7cd77,8d8d0e3b-d30a-4cd1-a7d7-c9661f1fb03e,P05,1,3,2026-10-09T15:05:39.458Z,812924,flujos,V3,S01,A,tap,69.8,4.5,none,false,,Sin zona definida,13,23.5,,,"Mozilla/5.0 (iPhone; CPU iPhone OS 18_7 like Mac OS X) AppleWebKit/605.1.15 (KHTML, like Gecko) Version/26.6.1 Mobile/15E148 Safari/604.1",390x699@3
79d5a427-51cd-41d8-8f3c-13cad3a272c3,8d8d0e3b-d30a-4cd1-a7d7-c9661f1fb03e,P05,1,3,2026-10-09T15:05:40.021Z,813487,flujos,V3,S01,A,drag,78.5,19.4,none,false,,Sin zona definida,14,24.1,izquierda,"{""dx"": -262, ""dy"": -207, ""ms"": 22}","Mozilla/5.0 (iPhone; CPU iPhone OS 18_7 like Mac OS X) AppleWebKit/605.1.15 (KHTML, like Gecko) Version/26.6.1 Mobile/15E148 Safari/604.1",390x699@3
7853d3ba-8b32-4f75-b2ca-324001a84075,8d8d0e3b-d30a-4cd1-a7d7-c9661f1fb03e,P05,1,3,2026-10-09T15:05:41.428Z,814894,flujos,V3,S01,A,giveup,,,,,,,,,,,"Mozilla/5.0 (iPhone; CPU iPhone OS 18_7 like Mac OS X) AppleWebKit/605.1.15 (KHTML, like Gecko) Version/26.6.1 Mobile/15E148 Safari/604.1",390x699@3
5885c1aa-4c17-4cef-bc4d-6e257088bc7e,8d8d0e3b-d30a-4cd1-a7d7-c9661f1fb03e,P05,1,3,2026-10-09T15:05:43.149Z,816615,flujos,V3,S01,A,answer,,,,,,,,,1,"{""q"": ""SEQ""}","Mozilla/5.0 (iPhone; CPU iPhone OS 18_7 like Mac OS X) AppleWebKit/605.1.15 (KHTML, like Gecko) Version/26.6.1 Mobile/15E148 Safari/604.1",390x699@3
36e2b20f-08c5-4cac-a80e-982aa8563736,8d8d0e3b-d30a-4cd1-a7d7-c9661f1fb03e,P05,1,3,2026-10-09T15:05:53.478Z,826944,flujos,V3,S01,A,answer,,,,,,,,,No pude ir a mis guardadas,"{""q"": ""SEQ-porque""}","Mozilla/5.0 (iPhone; CPU iPhone OS 18_7 like Mac OS X) AppleWebKit/605.1.15 (KHTML, like Gecko) Version/26.6.1 Mobile/15E148 Safari/604.1",390x699@3
e6e454da-766b-4af0-b500-85b9692bade9,8d8d0e3b-d30a-4cd1-a7d7-c9661f1fb03e,P05,1,3,2026-10-09T15:05:53.478Z,826945,flujos,V3,S01,A,task.end,,,,,,,,,Abandono,"{""seg"": 25.6, ""seq"": 1, ""ruta"": ""S04 > S04.stuck > S01"", ""pasos"": [false, false], ""toques"": 14, ""misclicks"": 3}","Mozilla/5.0 (iPhone; CPU iPhone OS 18_7 like Mac OS X) AppleWebKit/605.1.15 (KHTML, like Gecko) Version/26.6.1 Mobile/15E148 Safari/604.1",390x699@3
66e2de02-d9eb-4c44-b1e6-7299a66964ae,8d8d0e3b-d30a-4cd1-a7d7-c9661f1fb03e,P05,1,3,2026-10-09T15:06:26.587Z,860054,ueq,UEQ,ueq,A,answer,,,,,,,,,6,"{""der"": ""emocionante"", ""izq"": ""aburrido"", ""item"": 6}","Mozilla/5.0 (iPhone; CPU iPhone OS 18_7 like Mac OS X) AppleWebKit/605.1.15 (KHTML, like Gecko) Version/26.6.1 Mobile/15E148 Safari/604.1",390x362@3
68bb0150-2e12-4d1c-a484-10ce1823aa33,8d8d0e3b-d30a-4cd1-a7d7-c9661f1fb03e,P05,1,3,2026-10-09T15:06:26.588Z,860054,ueq,UEQ,ueq,A,answer,,,,,,,,,7,"{""der"": ""interesante"", ""izq"": ""no interesante"", ""item"": 7}","Mozilla/5.0 (iPhone; CPU iPhone OS 18_7 like Mac OS X) AppleWebKit/605.1.15 (KHTML, like Gecko) Version/26.6.1 Mobile/15E148 Safari/604.1",390x362@3
28a5b4ca-f030-4a67-a058-9d99db02c6e2,8d8d0e3b-d30a-4cd1-a7d7-c9661f1fb03e,P05,1,3,2026-10-09T15:06:26.588Z,860054,ueq,UEQ,ueq,A,answer,,,,,,,,,1,"{""der"": ""convencional"", ""izq"": ""original"", ""item"": 10}","Mozilla/5.0 (iPhone; CPU iPhone OS 18_7 like Mac OS X) AppleWebKit/605.1.15 (KHTML, like Gecko) Version/26.6.1 Mobile/15E148 Safari/604.1",390x362@3
3d1d3113-93a9-4f62-8cb0-e2e89fe4e8bd,8d8d0e3b-d30a-4cd1-a7d7-c9661f1fb03e,P05,1,3,2026-10-09T15:06:26.588Z,860054,ueq,UEQ,ueq,A,answer,,,,,,,,,6,"{""der"": ""de apoyo"", ""izq"": ""obstructivo"", ""item"": 11}","Mozilla/5.0 (iPhone; CPU iPhone OS 18_7 like Mac OS X) AppleWebKit/605.1.15 (KHTML, like Gecko) Version/26.6.1 Mobile/15E148 Safari/604.1",390x362@3
2b27f995-70d1-4e17-ac93-8b82acd363c6,8d8d0e3b-d30a-4cd1-a7d7-c9661f1fb03e,P05,1,3,2026-10-09T15:06:26.588Z,860054,ueq,UEQ,ueq,A,answer,,,,,,,,,5,"{""der"": ""fácil"", ""izq"": ""complicado"", ""item"": 13}","Mozilla/5.0 (iPhone; CPU iPhone OS 18_7 like Mac OS X) AppleWebKit/605.1.15 (KHTML, like Gecko) Version/26.6.1 Mobile/15E148 Safari/604.1",390x362@3
d2f375de-9ce9-4f5d-904c-91db630f4675,8d8d0e3b-d30a-4cd1-a7d7-c9661f1fb03e,P05,1,3,2026-10-09T15:06:26.588Z,860054,ueq,UEQ,ueq,A,answer,,,,,,,,,6,"{""der"": ""de vanguardia"", ""izq"": ""habitual"", ""item"": 15}","Mozilla/5.0 (iPhone; CPU iPhone OS 18_7 like Mac OS X) AppleWebKit/605.1.15 (KHTML, like Gecko) Version/26.6.1 Mobile/15E148 Safari/604.1",390x362@3
71d97a59-df53-4982-8926-063fa2623e45,8d8d0e3b-d30a-4cd1-a7d7-c9661f1fb03e,P05,1,3,2026-10-09T15:06:26.588Z,860054,ueq,UEQ,ueq,A,answer,,,,,,,,,6,"{""der"": ""eficiente"", ""izq"": ""ineficiente"", ""item"": 20}","Mozilla/5.0 (iPhone; CPU iPhone OS 18_7 like Mac OS X) AppleWebKit/605.1.15 (KHTML, like Gecko) Version/26.6.1 Mobile/15E148 Safari/604.1",390x362@3
7607d903-ba0a-4242-9c19-4c4f8535cd2e,8d8d0e3b-d30a-4cd1-a7d7-c9661f1fb03e,P05,1,3,2026-10-09T15:06:26.588Z,860054,ueq,UEQ,ueq,A,answer,,,,,,,,,5,"{""der"": ""confuso"", ""izq"": ""claro"", ""item"": 21}","Mozilla/5.0 (iPhone; CPU iPhone OS 18_7 like Mac OS X) AppleWebKit/605.1.15 (KHTML, like Gecko) Version/26.6.1 Mobile/15E148 Safari/604.1",390x362@3
d176a49c-8fea-438c-a913-a0e2b6080f4b,8d8d0e3b-d30a-4cd1-a7d7-c9661f1fb03e,P05,1,3,2026-10-09T15:06:26.588Z,860054,ueq,UEQ,ueq,A,answer,,,,,,,,,"Mas sencilla, menos cosas al tiempo en la pantalla ","{""q"": ""cambiaria""}","Mozilla/5.0 (iPhone; CPU iPhone OS 18_7 like Mac OS X) AppleWebKit/605.1.15 (KHTML, like Gecko) Version/26.6.1 Mobile/15E148 Safari/604.1",390x362@3
5c8d3f09-d8f4-4ebd-8aac-ea3acf6f8340,8d8d0e3b-d30a-4cd1-a7d7-c9661f1fb03e,P05,1,3,2026-10-09T15:06:26.590Z,860056,ueq,UEQ,ueq,A,phase.end,,,,,,,,,3,,"Mozilla/5.0 (iPhone; CPU iPhone OS 18_7 like Mac OS X) AppleWebKit/605.1.15 (KHTML, like Gecko) Version/26.6.1 Mobile/15E148 Safari/604.1",390x362@3
8cf21b52-d385-4729-a182-ed9c15de9d95,8d8d0e3b-d30a-4cd1-a7d7-c9661f1fb03e,P05,1,4,2026-10-09T15:06:29.235Z,862701,ueq,UEQ,ueq,A,phase.start,,,,,,,,,4,,"Mozilla/5.0 (iPhone; CPU iPhone OS 18_7 like Mac OS X) AppleWebKit/605.1.15 (KHTML, like Gecko) Version/26.6.1 Mobile/15E148 Safari/604.1",390x699@3
1302dbfa-5e63-4cfb-bda1-53854413bd0b,8d8d0e3b-d30a-4cd1-a7d7-c9661f1fb03e,P05,1,4,2026-10-09T15:06:39.632Z,873098,marca,S02,S02,A,task.start,,,,,,,,,,"{""orden"": ""A→B"", ""prueba"": ""Marca A-B""}","Mozilla/5.0 (iPhone; CPU iPhone OS 18_7 like Mac OS X) AppleWebKit/605.1.15 (KHTML, like Gecko) Version/26.6.1 Mobile/15E148 Safari/604.1",390x699@3
7f746894-a350-4e04-a593-789a1706c49e,8d8d0e3b-d30a-4cd1-a7d7-c9661f1fb03e,P05,1,4,2026-10-09T15:06:56.623Z,890089,marca,S02,S02,A,answer,,,,,,,,,2,"{""q"": ""M1"", ""version"": ""A""}","Mozilla/5.0 (iPhone; CPU iPhone OS 18_7 like Mac OS X) AppleWebKit/605.1.15 (KHTML, like Gecko) Version/26.6.1 Mobile/15E148 Safari/604.1",390x699@3
7e24f335-08be-42cc-8208-0ce5c09047b4,8d8d0e3b-d30a-4cd1-a7d7-c9661f1fb03e,P05,1,4,2026-10-09T15:07:07.737Z,901203,marca,S02,S02,A,answer,,,,,,,,,tranquila;agresiva;colorida,"{""q"": ""M2"", ""version"": ""A""}","Mozilla/5.0 (iPhone; CPU iPhone OS 18_7 like Mac OS X) AppleWebKit/605.1.15 (KHTML, like Gecko) Version/26.6.1 Mobile/15E148 Safari/604.1",390x699@3
cbd65423-23c0-4a97-ae09-63411db1975a,8d8d0e3b-d30a-4cd1-a7d7-c9661f1fb03e,P05,1,4,2026-10-09T15:07:14.536Z,908002,marca,S02,S02,A,answer,,,,,,,,,3,"{""q"": ""M3"", ""version"": ""A""}","Mozilla/5.0 (iPhone; CPU iPhone OS 18_7 like Mac OS X) AppleWebKit/605.1.15 (KHTML, like Gecko) Version/26.6.1 Mobile/15E148 Safari/604.1",390x699@3
f492eb2d-91af-418e-b4a0-73c48598eba9,8d8d0e3b-d30a-4cd1-a7d7-c9661f1fb03e,P05,1,4,2026-10-09T15:07:19.080Z,912546,marca,S02,S02,A,answer,,,,,,,,,5,"{""q"": ""M40"", ""version"": ""A""}","Mozilla/5.0 (iPhone; CPU iPhone OS 18_7 like Mac OS X) AppleWebKit/605.1.15 (KHTML, like Gecko) Version/26.6.1 Mobile/15E148 Safari/604.1",390x699@3
abe7d1a9-46f5-448d-a821-87c2b9993c41,8d8d0e3b-d30a-4cd1-a7d7-c9661f1fb03e,P05,1,4,2026-10-09T15:07:22.545Z,916011,marca,S02,S02,A,answer,,,,,,,,,5,"{""q"": ""M41"", ""version"": ""A""}","Mozilla/5.0 (iPhone; CPU iPhone OS 18_7 like Mac OS X) AppleWebKit/605.1.15 (KHTML, like Gecko) Version/26.6.1 Mobile/15E148 Safari/604.1",390x699@3
00f562e9-d848-442b-8277-89045000eca3,8d8d0e3b-d30a-4cd1-a7d7-c9661f1fb03e,P05,1,4,2026-10-09T15:07:25.479Z,918946,marca,S02,S02,A,answer,,,,,,,,,6,"{""q"": ""M42"", ""version"": ""A""}","Mozilla/5.0 (iPhone; CPU iPhone OS 18_7 like Mac OS X) AppleWebKit/605.1.15 (KHTML, like Gecko) Version/26.6.1 Mobile/15E148 Safari/604.1",390x699@3
bd0699c3-4c0b-43a9-b524-b8ee07f3efec,8d8d0e3b-d30a-4cd1-a7d7-c9661f1fb03e,P05,1,4,2026-10-09T15:07:28.895Z,922362,marca,S02,S02,A,answer,,,,,,,,,2,"{""q"": ""M43"", ""version"": ""A""}","Mozilla/5.0 (iPhone; CPU iPhone OS 18_7 like Mac OS X) AppleWebKit/605.1.15 (KHTML, like Gecko) Version/26.6.1 Mobile/15E148 Safari/604.1",390x699@3
1d44b432-0d41-4a99-9480-a9a86a6c784a,8d8d0e3b-d30a-4cd1-a7d7-c9661f1fb03e,P05,1,4,2026-10-09T15:07:30.194Z,923660,marca,S02,S02,A,answer,7.3,51.5,marca.punto,,,,,,"punto:7.3,51.5",,"Mozilla/5.0 (iPhone; CPU iPhone OS 18_7 like Mac OS X) AppleWebKit/605.1.15 (KHTML, like Gecko) Version/26.6.1 Mobile/15E148 Safari/604.1",390x699@3
2f176ac7-c09c-479d-b2c9-fb5ecf9d4a10,8d8d0e3b-d30a-4cd1-a7d7-c9661f1fb03e,P05,1,4,2026-10-09T15:07:32.169Z,925635,marca,S02,S02,A,answer,23.8,38.5,marca.punto,,,,,,"punto:23.8,38.5",,"Mozilla/5.0 (iPhone; CPU iPhone OS 18_7 like Mac OS X) AppleWebKit/605.1.15 (KHTML, like Gecko) Version/26.6.1 Mobile/15E148 Safari/604.1",390x699@3
f3b27984-ef9d-4991-af87-2ed6b927c5f5,8d8d0e3b-d30a-4cd1-a7d7-c9661f1fb03e,P05,1,4,2026-10-09T15:07:33.051Z,926517,marca,S02,S02,A,answer,,,,,,,,,0,"{""q"": ""M5-jerarquia"", ""version"": ""A""}","Mozilla/5.0 (iPhone; CPU iPhone OS 18_7 like Mac OS X) AppleWebKit/605.1.15 (KHTML, like Gecko) Version/26.6.1 Mobile/15E148 Safari/604.1",390x699@3
b3e7b0eb-4fa8-4687-837f-d44845b5791a,8d8d0e3b-d30a-4cd1-a7d7-c9661f1fb03e,P05,1,4,2026-10-09T15:07:48.124Z,941590,marca,S02,S02,B,answer,,,,,,,,,5,"{""q"": ""M1"", ""version"": ""B""}","Mozilla/5.0 (iPhone; CPU iPhone OS 18_7 like Mac OS X) AppleWebKit/605.1.15 (KHTML, like Gecko) Version/26.6.1 Mobile/15E148 Safari/604.1",390x699@3
ad2aa92a-133a-4a7c-8e5c-26377c610f56,8d8d0e3b-d30a-4cd1-a7d7-c9661f1fb03e,P05,1,4,2026-10-09T15:07:52.555Z,946022,marca,S02,S02,B,answer,,,,,,,,,sencilla;infantil;cercana,"{""q"": ""M2"", ""version"": ""B""}","Mozilla/5.0 (iPhone; CPU iPhone OS 18_7 like Mac OS X) AppleWebKit/605.1.15 (KHTML, like Gecko) Version/26.6.1 Mobile/15E148 Safari/604.1",390x699@3
578410eb-e21a-40e2-b4f6-470202dd72b2,8d8d0e3b-d30a-4cd1-a7d7-c9661f1fb03e,P05,1,4,2026-10-09T15:07:57.453Z,950919,marca,S02,S02,B,answer,,,,,,,,,4,"{""q"": ""M3"", ""version"": ""B""}","Mozilla/5.0 (iPhone; CPU iPhone OS 18_7 like Mac OS X) AppleWebKit/605.1.15 (KHTML, like Gecko) Version/26.6.1 Mobile/15E148 Safari/604.1",390x699@3
5af5995c-6c2f-426c-9792-6e3031cf4e4e,8d8d0e3b-d30a-4cd1-a7d7-c9661f1fb03e,P05,1,4,2026-10-09T15:08:00.655Z,954122,marca,S02,S02,B,answer,,,,,,,,,5,"{""q"": ""M40"", ""version"": ""B""}","Mozilla/5.0 (iPhone; CPU iPhone OS 18_7 like Mac OS X) AppleWebKit/605.1.15 (KHTML, like Gecko) Version/26.6.1 Mobile/15E148 Safari/604.1",390x699@3
45895889-3361-4bc9-b2fc-dcf178acca50,8d8d0e3b-d30a-4cd1-a7d7-c9661f1fb03e,P05,1,4,2026-10-09T15:08:04.470Z,957937,marca,S02,S02,B,answer,,,,,,,,,5,"{""q"": ""M41"", ""version"": ""B""}","Mozilla/5.0 (iPhone; CPU iPhone OS 18_7 like Mac OS X) AppleWebKit/605.1.15 (KHTML, like Gecko) Version/26.6.1 Mobile/15E148 Safari/604.1",390x699@3
ada7e653-fdbc-4fb2-a18e-a7c77238c4bd,8d8d0e3b-d30a-4cd1-a7d7-c9661f1fb03e,P05,1,4,2026-10-09T15:08:08.083Z,961549,marca,S02,S02,B,answer,,,,,,,,,6,"{""q"": ""M42"", ""version"": ""B""}","Mozilla/5.0 (iPhone; CPU iPhone OS 18_7 like Mac OS X) AppleWebKit/605.1.15 (KHTML, like Gecko) Version/26.6.1 Mobile/15E148 Safari/604.1",390x699@3
5c79d5f2-ea95-46ae-af39-5a964c9e55cd,8d8d0e3b-d30a-4cd1-a7d7-c9661f1fb03e,P05,1,4,2026-10-09T15:08:13.120Z,966587,marca,S02,S02,B,answer,,,,,,,,,4,"{""q"": ""M43"", ""version"": ""B""}","Mozilla/5.0 (iPhone; CPU iPhone OS 18_7 like Mac OS X) AppleWebKit/605.1.15 (KHTML, like Gecko) Version/26.6.1 Mobile/15E148 Safari/604.1",390x699@3
fb30ed9c-caae-4241-ba3a-c8c7badf90ef,8d8d0e3b-d30a-4cd1-a7d7-c9661f1fb03e,P05,1,4,2026-10-09T15:08:18.654Z,972121,marca,S02,S02,B,answer,27.5,23.7,marca.punto,,,,,,"punto:27.5,23.7",,"Mozilla/5.0 (iPhone; CPU iPhone OS 18_7 like Mac OS X) AppleWebKit/605.1.15 (KHTML, like Gecko) Version/26.6.1 Mobile/15E148 Safari/604.1",390x699@3
5cadb321-ee03-4a54-b70d-c79a1a0ee4e2,8d8d0e3b-d30a-4cd1-a7d7-c9661f1fb03e,P05,1,4,2026-10-09T15:08:20.069Z,973535,marca,S02,S02,B,answer,,,,,,,,,1,"{""q"": ""M5-jerarquia"", ""version"": ""B""}","Mozilla/5.0 (iPhone; CPU iPhone OS 18_7 like Mac OS X) AppleWebKit/605.1.15 (KHTML, like Gecko) Version/26.6.1 Mobile/15E148 Safari/604.1",390x699@3
9afca4b0-4234-4d1e-a602-4f13a5d21b14,8d8d0e3b-d30a-4cd1-a7d7-c9661f1fb03e,P05,1,4,2026-10-09T15:08:26.266Z,979733,marca,S02,S02,B,answer,,,,,,,,,Opción 2,"{""q"": ""M6""}","Mozilla/5.0 (iPhone; CPU iPhone OS 18_7 like Mac OS X) AppleWebKit/605.1.15 (KHTML, like Gecko) Version/26.6.1 Mobile/15E148 Safari/604.1",390x699@3
9f3b2d0c-ae94-4c44-b8ae-85377bfacece,8d8d0e3b-d30a-4cd1-a7d7-c9661f1fb03e,P05,1,4,2026-10-09T15:08:39.041Z,992508,marca,S02,S02,B,answer,,,,,,,,,"Mas sencilla, mas clara, mas contraste de colores, aunque aun falta","{""q"": ""M7""}","Mozilla/5.0 (iPhone; CPU iPhone OS 18_7 like Mac OS X) AppleWebKit/605.1.15 (KHTML, like Gecko) Version/26.6.1 Mobile/15E148 Safari/604.1",390x641@3
81cc5321-c420-489d-94b8-a776fac206a2,8d8d0e3b-d30a-4cd1-a7d7-c9661f1fb03e,P05,1,0,2026-10-09T15:17:24.405Z,31,registro,,,U,action,,,,,,,,,session.resume,"{""faseSiguiente"": 4}","Mozilla/5.0 (iPhone; CPU iPhone OS 18_7 like Mac OS X) AppleWebKit/605.1.15 (KHTML, like Gecko) Version/26.6.1 Mobile/15E148 Safari/604.1",390x699@3
cac4d98a-04bb-4337-a52f-d21df0f7c73f,8d8d0e3b-d30a-4cd1-a7d7-c9661f1fb03e,P05,1,4,2026-10-09T15:17:26.424Z,2050,registro,,,U,phase.start,,,,,,,,,4,,"Mozilla/5.0 (iPhone; CPU iPhone OS 18_7 like Mac OS X) AppleWebKit/605.1.15 (KHTML, like Gecko) Version/26.6.1 Mobile/15E148 Safari/604.1",390x699@3
0a92a043-e7d1-4385-9e5c-fc7f3e4eaf66,8d8d0e3b-d30a-4cd1-a7d7-c9661f1fb03e,P05,1,4,2026-10-09T15:17:28.346Z,3972,marca,S02,S02,A,task.start,,,,,,,,,,"{""orden"": ""A→B"", ""prueba"": ""Marca A-B""}","Mozilla/5.0 (iPhone; CPU iPhone OS 18_7 like Mac OS X) AppleWebKit/605.1.15 (KHTML, like Gecko) Version/26.6.1 Mobile/15E148 Safari/604.1",390x699@3
a9b6b89d-9ee8-421e-9e9e-62b2970283e1,8d8d0e3b-d30a-4cd1-a7d7-c9661f1fb03e,P05,1,0,2026-10-09T15:17:47.082Z,13,registro,,,U,action,,,,,,,,,session.resume,"{""faseSiguiente"": 4}","Mozilla/5.0 (iPhone; CPU iPhone OS 18_7 like Mac OS X) AppleWebKit/605.1.15 (KHTML, like Gecko) Version/26.6.1 Mobile/15E148 Safari/604.1",390x699@3
7e6bd111-566e-4c9d-88c9-48697758e71b,8d8d0e3b-d30a-4cd1-a7d7-c9661f1fb03e,P05,1,4,2026-10-09T15:17:47.938Z,869,registro,,,U,phase.start,,,,,,,,,4,,"Mozilla/5.0 (iPhone; CPU iPhone OS 18_7 like Mac OS X) AppleWebKit/605.1.15 (KHTML, like Gecko) Version/26.6.1 Mobile/15E148 Safari/604.1",390x699@3
45c02134-e87d-464e-99b3-7dfd92a6e559,8d8d0e3b-d30a-4cd1-a7d7-c9661f1fb03e,P05,1,4,2026-10-09T15:17:48.841Z,1772,marca,S02,S02,A,task.start,,,,,,,,,,"{""orden"": ""A→B"", ""prueba"": ""Marca A-B""}","Mozilla/5.0 (iPhone; CPU iPhone OS 18_7 like Mac OS X) AppleWebKit/605.1.15 (KHTML, like Gecko) Version/26.6.1 Mobile/15E148 Safari/604.1",390x699@3
0a8a3c81-6a32-4543-83bf-b4b696702daf,8d8d0e3b-d30a-4cd1-a7d7-c9661f1fb03e,P05,1,4,2026-10-09T15:18:04.234Z,17165,marca,S02,S02,A,answer,,,,,,,,,4,"{""q"": ""M1"", ""version"": ""A""}","Mozilla/5.0 (iPhone; CPU iPhone OS 18_7 like Mac OS X) AppleWebKit/605.1.15 (KHTML, like Gecko) Version/26.6.1 Mobile/15E148 Safari/604.1",390x699@3
31c5b31c-1b7b-4f39-b7a6-4ba929e2a160,8d8d0e3b-d30a-4cd1-a7d7-c9661f1fb03e,P05,1,4,2026-10-09T15:18:13.162Z,26094,marca,S02,S02,A,answer,,,,,,,,,agresiva;colorida;tranquila,"{""q"": ""M2"", ""version"": ""A""}","Mozilla/5.0 (iPhone; CPU iPhone OS 18_7 like Mac OS X) AppleWebKit/605.1.15 (KHTML, like Gecko) Version/26.6.1 Mobile/15E148 Safari/604.1",390x699@3
f65654a0-e442-4242-bc8e-04f7521d1c0c,8d8d0e3b-d30a-4cd1-a7d7-c9661f1fb03e,P05,1,4,2026-10-09T15:18:15.744Z,28675,marca,S02,S02,A,answer,,,,,,,,,3,"{""q"": ""M3"", ""version"": ""A""}","Mozilla/5.0 (iPhone; CPU iPhone OS 18_7 like Mac OS X) AppleWebKit/605.1.15 (KHTML, like Gecko) Version/26.6.1 Mobile/15E148 Safari/604.1",390x699@3
a0895401-2899-4142-8bb3-ea4481071dfe,8d8d0e3b-d30a-4cd1-a7d7-c9661f1fb03e,P05,1,4,2026-10-09T15:18:21.965Z,34897,marca,S02,S02,A,answer,,,,,,,,,5,"{""q"": ""M40"", ""version"": ""A""}","Mozilla/5.0 (iPhone; CPU iPhone OS 18_7 like Mac OS X) AppleWebKit/605.1.15 (KHTML, like Gecko) Version/26.6.1 Mobile/15E148 Safari/604.1",390x699@3
b2c95a72-049c-4d3a-99e7-7b247f0ee5ca,8d8d0e3b-d30a-4cd1-a7d7-c9661f1fb03e,P05,1,4,2026-10-09T15:18:28.561Z,41493,marca,S02,S02,A,answer,,,,,,,,,5,"{""q"": ""M41"", ""version"": ""A""}","Mozilla/5.0 (iPhone; CPU iPhone OS 18_7 like Mac OS X) AppleWebKit/605.1.15 (KHTML, like Gecko) Version/26.6.1 Mobile/15E148 Safari/604.1",390x699@3
73bd68bb-1191-457f-a684-61b2c5ec3843,8d8d0e3b-d30a-4cd1-a7d7-c9661f1fb03e,P05,1,4,2026-10-09T15:18:30.613Z,43544,marca,S02,S02,A,answer,,,,,,,,,5,"{""q"": ""M42"", ""version"": ""A""}","Mozilla/5.0 (iPhone; CPU iPhone OS 18_7 like Mac OS X) AppleWebKit/605.1.15 (KHTML, like Gecko) Version/26.6.1 Mobile/15E148 Safari/604.1",390x699@3
02285cba-cc64-4742-8848-26f2e4837905,8d8d0e3b-d30a-4cd1-a7d7-c9661f1fb03e,P05,1,4,2026-10-09T15:18:32.759Z,45691,marca,S02,S02,A,answer,,,,,,,,,2,"{""q"": ""M43"", ""version"": ""A""}","Mozilla/5.0 (iPhone; CPU iPhone OS 18_7 like Mac OS X) AppleWebKit/605.1.15 (KHTML, like Gecko) Version/26.6.1 Mobile/15E148 Safari/604.1",390x699@3
ebb9b694-2af9-4cf0-9e98-46ae7d0a1cf2,8d8d0e3b-d30a-4cd1-a7d7-c9661f1fb03e,P05,1,4,2026-10-09T15:18:58.855Z,71787,marca,S02,S02,A,answer,29.7,39.8,marca.punto,,,,,,"punto:29.7,39.8",,"Mozilla/5.0 (iPhone; CPU iPhone OS 18_7 like Mac OS X) AppleWebKit/605.1.15 (KHTML, like Gecko) Version/26.6.1 Mobile/15E148 Safari/604.1",390x699@3
b67d489d-1b12-4e09-9ebb-7b1172583123,8d8d0e3b-d30a-4cd1-a7d7-c9661f1fb03e,P05,1,4,2026-10-09T15:18:59.392Z,72324,marca,S02,S02,A,answer,,,,,,,,,0,"{""q"": ""M5-jerarquia"", ""version"": ""A""}","Mozilla/5.0 (iPhone; CPU iPhone OS 18_7 like Mac OS X) AppleWebKit/605.1.15 (KHTML, like Gecko) Version/26.6.1 Mobile/15E148 Safari/604.1",390x699@3
e7e41137-d103-4522-85f7-240520246114,2f93944f-d4e2-43a8-82fa-bf931ef89921,P06,1,1,2026-10-09T20:08:23.189Z,800,registro,,registro,U,session.start,,,,,,,,,,"{""ronda"": 1, ""provisional"": false}","Mozilla/5.0 (Linux; Android 10; K) AppleWebKit/537.36 (KHTML, like Gecko) Chrome/154.0.0.0 Mobile Safari/537.36",411x805@2.625
36d61dcb-9985-4326-900a-da247b3e77bc,2f93944f-d4e2-43a8-82fa-bf931ef89921,P06,1,1,2026-10-09T20:08:23.189Z,800,registro,,registro,U,consent,,,,,,,,,acepta,"{""graba"": ""Sí""}","Mozilla/5.0 (Linux; Android 10; K) AppleWebKit/537.36 (KHTML, like Gecko) Chrome/154.0.0.0 Mobile Safari/537.36",411x805@2.625
e91823fe-d092-4d06-b416-426c829e3c0b,2f93944f-d4e2-43a8-82fa-bf931ef89921,P06,1,1,2026-10-09T20:08:23.190Z,801,registro,,registro,U,phase.start,,,,,,,,,1,,"Mozilla/5.0 (Linux; Android 10; K) AppleWebKit/537.36 (KHTML, like Gecko) Chrome/154.0.0.0 Mobile Safari/537.36",411x805@2.625
d2a9d9fe-d3a8-43bd-b17d-b624f6e9c88d,2f93944f-d4e2-43a8-82fa-bf931ef89921,P06,1,1,2026-10-09T20:08:28.126Z,5736,contexto,edad,contexto,U,answer,,,,,,,,,22,,"Mozilla/5.0 (Linux; Android 10; K) AppleWebKit/537.36 (KHTML, like Gecko) Chrome/154.0.0.0 Mobile Safari/537.36",411x805@2.625
e1c61e63-59e1-4c02-b86b-1ff56396fd96,2f93944f-d4e2-43a8-82fa-bf931ef89921,P06,1,1,2026-10-09T20:08:30.967Z,8578,contexto,genero,contexto,U,answer,,,,,,,,,Mujer,,"Mozilla/5.0 (Linux; Android 10; K) AppleWebKit/537.36 (KHTML, like Gecko) Chrome/154.0.0.0 Mobile Safari/537.36",411x805@2.625
e0103b3b-275a-4f85-9dbc-c9c7ed959481,2f93944f-d4e2-43a8-82fa-bf931ef89921,P06,1,1,2026-10-09T20:08:43.328Z,20939,contexto,C1,contexto,U,answer,,,,,,,,,Varias veces por semana,,"Mozilla/5.0 (Linux; Android 10; K) AppleWebKit/537.36 (KHTML, like Gecko) Chrome/154.0.0.0 Mobile Safari/537.36",411x805@2.625
a9e85d1e-b9f9-42f4-b9e6-071101083efd,2f93944f-d4e2-43a8-82fa-bf931ef89921,P06,1,1,2026-10-09T20:09:07.063Z,44674,contexto,C2,contexto,U,answer,,,,,,,,,"Netflix
Disney +
Canales televisivos",,"Mozilla/5.0 (Linux; Android 10; K) AppleWebKit/537.36 (KHTML, like Gecko) Chrome/154.0.0.0 Mobile Safari/537.36",411x805@2.625
03c4e923-f072-40bb-8c2d-b15c2672db37,2f93944f-d4e2-43a8-82fa-bf931ef89921,P06,1,1,2026-10-09T20:09:46.988Z,84599,contexto,C3,contexto,U,answer,,,,,,,,,Por las redes sociales o por las portadas de las películas o series,,"Mozilla/5.0 (Linux; Android 10; K) AppleWebKit/537.36 (KHTML, like Gecko) Chrome/154.0.0.0 Mobile Safari/537.36",411x805@2.625
f4f6316e-2759-4666-91ea-6abd5d62396d,2f93944f-d4e2-43a8-82fa-bf931ef89921,P06,1,1,2026-10-09T20:09:53.870Z,91481,contexto,C4,contexto,U,answer,,,,,,,,,Sí,,"Mozilla/5.0 (Linux; Android 10; K) AppleWebKit/537.36 (KHTML, like Gecko) Chrome/154.0.0.0 Mobile Safari/537.36",411x805@2.625
2da6632b-3ea8-4895-8d8e-b0e59fe9c584,2f93944f-d4e2-43a8-82fa-bf931ef89921,P06,1,1,2026-10-09T20:10:02.839Z,100450,contexto,C4b,contexto,U,answer,,,,,,,,,Tiktok e Instagram,,"Mozilla/5.0 (Linux; Android 10; K) AppleWebKit/537.36 (KHTML, like Gecko) Chrome/154.0.0.0 Mobile Safari/537.36",411x805@2.625
acd40409-857f-4629-97fe-aa3f8201d37c,2f93944f-d4e2-43a8-82fa-bf931ef89921,P06,1,1,2026-10-09T20:10:12.340Z,109951,contexto,C5,contexto,U,answer,,,,,,,,,Poco,,"Mozilla/5.0 (Linux; Android 10; K) AppleWebKit/537.36 (KHTML, like Gecko) Chrome/154.0.0.0 Mobile Safari/537.36",411x805@2.625
6ffa11bf-2fc8-45fc-9881-04243dd09d49,2f93944f-d4e2-43a8-82fa-bf931ef89921,P06,1,1,2026-10-09T20:10:16.717Z,114328,cinco-seg,S04,S04,A,task.start,,,,,,,,,,"{""prueba"": ""5 segundos""}","Mozilla/5.0 (Linux; Android 10; K) AppleWebKit/537.36 (KHTML, like Gecko) Chrome/154.0.0.0 Mobile Safari/537.36",411x805@2.625
112d4504-2f10-43bd-bc4e-9fb5b65c54e5,2f93944f-d4e2-43a8-82fa-bf931ef89921,P06,1,1,2026-10-09T20:10:22.231Z,119842,cinco-seg,S04,S04,A,action,,,,,,,,,estimulo.5s,"{""realMs"": 5451, ""pantalla"": ""S04""}","Mozilla/5.0 (Linux; Android 10; K) AppleWebKit/537.36 (KHTML, like Gecko) Chrome/154.0.0.0 Mobile Safari/537.36",411x805@2.625
3d5f3b91-cd65-460b-9ad3-9115d52c6d43,2f93944f-d4e2-43a8-82fa-bf931ef89921,P06,1,1,2026-10-09T20:10:52.313Z,149923,cinco-seg,S04,S04,A,answer,,,,,,,,,"El Logo, los colores e iconos ","{""q"": ""P1""}","Mozilla/5.0 (Linux; Android 10; K) AppleWebKit/537.36 (KHTML, like Gecko) Chrome/154.0.0.0 Mobile Safari/537.36",411x805@2.625
9620952b-9fd2-4922-a73f-34181f5afe5c,2f93944f-d4e2-43a8-82fa-bf931ef89921,P06,1,1,2026-10-09T20:10:59.624Z,157235,cinco-seg,S04,S04,A,answer,,,,,,,,,Es el Home de la app,"{""q"": ""P2""}","Mozilla/5.0 (Linux; Android 10; K) AppleWebKit/537.36 (KHTML, like Gecko) Chrome/154.0.0.0 Mobile Safari/537.36",411x805@2.625
954ca9bf-37f0-48e4-9a2c-a69b2d705d4c,2f93944f-d4e2-43a8-82fa-bf931ef89921,P06,1,1,2026-10-09T20:11:44.872Z,202483,cinco-seg,S04,S04,A,answer,,,,,,,,,Dirigirme a las opciones de la aplicación de la parte superior e inferior,"{""q"": ""P3""}","Mozilla/5.0 (Linux; Android 10; K) AppleWebKit/537.36 (KHTML, like Gecko) Chrome/154.0.0.0 Mobile Safari/537.36",411x805@2.625
bc2990b8-da7e-41b4-b9eb-cbe53d4e91c9,2f93944f-d4e2-43a8-82fa-bf931ef89921,P06,1,1,2026-10-09T20:11:53.480Z,211091,cinco-seg,S04,S04,A,answer,,,,,,,,,6,"{""q"": ""P4""}","Mozilla/5.0 (Linux; Android 10; K) AppleWebKit/537.36 (KHTML, like Gecko) Chrome/154.0.0.0 Mobile Safari/537.36",411x805@2.625
daf0bbdf-eb48-4604-95c4-ba156a4ebe8b,2f93944f-d4e2-43a8-82fa-bf931ef89921,P06,1,1,2026-10-09T20:12:18.639Z,236250,cinco-seg,S04,S04,A,answer,,,,,,,,,Estructura y Calidez,"{""q"": ""P5""}","Mozilla/5.0 (Linux; Android 10; K) AppleWebKit/537.36 (KHTML, like Gecko) Chrome/154.0.0.0 Mobile Safari/537.36",411x805@2.625
f16ed994-82b6-4900-9dda-ef09791f4f0c,2f93944f-d4e2-43a8-82fa-bf931ef89921,P06,1,1,2026-10-09T20:12:33.792Z,251404,cinco-seg,S04,S04,A,answer,22.7,5.1,5s.punto,,,,,,"punto:22.7,5.1",,"Mozilla/5.0 (Linux; Android 10; K) AppleWebKit/537.36 (KHTML, like Gecko) Chrome/154.0.0.0 Mobile Safari/537.36",411x805@2.625
6cdbf89d-2719-4360-9fce-c19074b7ee80,2f93944f-d4e2-43a8-82fa-bf931ef89921,P06,1,1,2026-10-09T20:12:37.735Z,255346,cinco-seg,S04,S04,A,answer,20,20.3,5s.punto,,,,,,"punto:20.0,20.3",,"Mozilla/5.0 (Linux; Android 10; K) AppleWebKit/537.36 (KHTML, like Gecko) Chrome/154.0.0.0 Mobile Safari/537.36",411x805@2.625
5ffb094f-24e2-452a-ae2b-e5ec3f7ea1e7,2f93944f-d4e2-43a8-82fa-bf931ef89921,P06,1,1,2026-10-09T20:12:40.557Z,258168,cinco-seg,S04,S04,A,answer,26.7,95.4,5s.punto,,,,,,"punto:26.7,95.4",,"Mozilla/5.0 (Linux; Android 10; K) AppleWebKit/537.36 (KHTML, like Gecko) Chrome/154.0.0.0 Mobile Safari/537.36",411x805@2.625
f583c316-81bd-4bac-a71f-3a5cc145ad6c,2f93944f-d4e2-43a8-82fa-bf931ef89921,P06,1,1,2026-10-09T20:12:46.161Z,263772,cinco-seg,S04,S04,A,answer,26.9,94.4,5s.punto,,,,,,"punto:26.9,94.4",,"Mozilla/5.0 (Linux; Android 10; K) AppleWebKit/537.36 (KHTML, like Gecko) Chrome/154.0.0.0 Mobile Safari/537.36",411x805@2.625
125e93aa-405b-4841-9a3c-873627fe5d05,2f93944f-d4e2-43a8-82fa-bf931ef89921,P06,1,1,2026-10-09T20:12:47.111Z,264722,cinco-seg,S04,S04,A,task.end,,,,,,,,,ok,,"Mozilla/5.0 (Linux; Android 10; K) AppleWebKit/537.36 (KHTML, like Gecko) Chrome/154.0.0.0 Mobile Safari/537.36",411x805@2.625
124c03a7-4e68-418a-ad27-f10179e9b356,2f93944f-d4e2-43a8-82fa-bf931ef89921,P06,1,1,2026-10-09T20:12:50.229Z,267840,cinco-seg,S05,S05,A,task.start,,,,,,,,,,"{""prueba"": ""5 segundos""}","Mozilla/5.0 (Linux; Android 10; K) AppleWebKit/537.36 (KHTML, like Gecko) Chrome/154.0.0.0 Mobile Safari/537.36",411x805@2.625
30ad8f3c-a744-47b3-87d3-ede2ec26d69d,2f93944f-d4e2-43a8-82fa-bf931ef89921,P06,1,1,2026-10-09T20:12:55.694Z,273305,cinco-seg,S05,S05,A,action,,,,,,,,,estimulo.5s,"{""realMs"": 5451, ""pantalla"": ""S05""}","Mozilla/5.0 (Linux; Android 10; K) AppleWebKit/537.36 (KHTML, like Gecko) Chrome/154.0.0.0 Mobile Safari/537.36",411x805@2.625
f086744c-30ff-437f-ba5a-e781e6e113a2,2f93944f-d4e2-43a8-82fa-bf931ef89921,P06,1,1,2026-10-09T20:13:02.347Z,279958,cinco-seg,S05,S05,A,answer,,,,,,,,,Tus Mazos,"{""q"": ""P1""}","Mozilla/5.0 (Linux; Android 10; K) AppleWebKit/537.36 (KHTML, like Gecko) Chrome/154.0.0.0 Mobile Safari/537.36",411x805@2.625
8efd2032-6390-4b5f-9eec-c45888793da6,2f93944f-d4e2-43a8-82fa-bf931ef89921,P06,1,1,2026-10-09T20:13:26.219Z,303830,cinco-seg,S05,S05,A,answer,,,,,,,,,En realidad me llamo la atención porque no se que significa y queria darle click para conocer más ,"{""q"": ""P2""}","Mozilla/5.0 (Linux; Android 10; K) AppleWebKit/537.36 (KHTML, like Gecko) Chrome/154.0.0.0 Mobile Safari/537.36",411x805@2.625
107061e4-edb1-4205-b093-01d2830d11a2,2f93944f-d4e2-43a8-82fa-bf931ef89921,P06,1,1,2026-10-09T20:13:54.046Z,331657,cinco-seg,S05,S05,A,answer,,,,,,,,,Click en tus mazos,"{""q"": ""P3""}","Mozilla/5.0 (Linux; Android 10; K) AppleWebKit/537.36 (KHTML, like Gecko) Chrome/154.0.0.0 Mobile Safari/537.36",411x805@2.625
50ebd96e-d1dd-4034-89f4-dd0dfe6a61a1,2f93944f-d4e2-43a8-82fa-bf931ef89921,P06,1,1,2026-10-09T20:14:02.037Z,339648,cinco-seg,S05,S05,A,answer,,,,,,,,,5,"{""q"": ""P4""}","Mozilla/5.0 (Linux; Android 10; K) AppleWebKit/537.36 (KHTML, like Gecko) Chrome/154.0.0.0 Mobile Safari/537.36",411x805@2.625
5b6df7f1-d742-4409-ae31-b5e2d9b260bd,2f93944f-d4e2-43a8-82fa-bf931ef89921,P06,1,1,2026-10-09T20:14:11.491Z,349102,cinco-seg,S05,S05,A,answer,,,,,,,,,Informativo ,"{""q"": ""P5""}","Mozilla/5.0 (Linux; Android 10; K) AppleWebKit/537.36 (KHTML, like Gecko) Chrome/154.0.0.0 Mobile Safari/537.36",411x805@2.625
51b90a76-3787-47b8-aecb-42d940a71f12,2f93944f-d4e2-43a8-82fa-bf931ef89921,P06,1,1,2026-10-09T20:14:27.151Z,364762,cinco-seg,S05,S05,A,answer,69,4.4,5s.punto,,,,,,"punto:69.0,4.4",,"Mozilla/5.0 (Linux; Android 10; K) AppleWebKit/537.36 (KHTML, like Gecko) Chrome/154.0.0.0 Mobile Safari/537.36",411x805@2.625
6b632bd0-bf21-4f8d-b305-8193626b199a,2f93944f-d4e2-43a8-82fa-bf931ef89921,P06,1,1,2026-10-09T20:14:30.325Z,367936,cinco-seg,S05,S05,A,task.end,,,,,,,,,ok,,"Mozilla/5.0 (Linux; Android 10; K) AppleWebKit/537.36 (KHTML, like Gecko) Chrome/154.0.0.0 Mobile Safari/537.36",411x805@2.625
ec6dea71-54b8-4920-8708-77acf789bad5,2f93944f-d4e2-43a8-82fa-bf931ef89921,P06,1,1,2026-10-09T20:14:32.617Z,370228,cinco-seg,S03,S03,A,task.start,,,,,,,,,,"{""prueba"": ""5 segundos""}","Mozilla/5.0 (Linux; Android 10; K) AppleWebKit/537.36 (KHTML, like Gecko) Chrome/154.0.0.0 Mobile Safari/537.36",411x805@2.625
5518fec0-0d53-47dd-b013-66e21885af43,2f93944f-d4e2-43a8-82fa-bf931ef89921,P06,1,1,2026-10-09T20:14:38.087Z,375698,cinco-seg,S03,S03,A,action,,,,,,,,,estimulo.5s,"{""realMs"": 5451, ""pantalla"": ""S03""}","Mozilla/5.0 (Linux; Android 10; K) AppleWebKit/537.36 (KHTML, like Gecko) Chrome/154.0.0.0 Mobile Safari/537.36",411x805@2.625
35c78576-7afb-4615-b270-bbf91d5d09c0,2f93944f-d4e2-43a8-82fa-bf931ef89921,P06,1,1,2026-10-09T20:15:13.846Z,411457,cinco-seg,S03,S03,A,answer,,,,,,,,,La pantalla de interacción blanca para dar mi opinión ,"{""q"": ""P1""}","Mozilla/5.0 (Linux; Android 10; K) AppleWebKit/537.36 (KHTML, like Gecko) Chrome/154.0.0.0 Mobile Safari/537.36",411x805@2.625
9e8276aa-0ce2-4a32-8642-f5b2513702cc,2f93944f-d4e2-43a8-82fa-bf931ef89921,P06,1,1,2026-10-09T20:15:25.048Z,422659,cinco-seg,S03,S03,A,answer,,,,,,,,,Para ofrecer mi opinión,"{""q"": ""P2""}","Mozilla/5.0 (Linux; Android 10; K) AppleWebKit/537.36 (KHTML, like Gecko) Chrome/154.0.0.0 Mobile Safari/537.36",411x805@2.625
25febcb1-de17-4089-add1-47b7d8366946,2f93944f-d4e2-43a8-82fa-bf931ef89921,P06,1,1,2026-10-09T20:16:19.354Z,476965,cinco-seg,S03,S03,A,answer,,,,,,,,,Leer para guiarme y saber como interactuar ,"{""q"": ""P3""}","Mozilla/5.0 (Linux; Android 10; K) AppleWebKit/537.36 (KHTML, like Gecko) Chrome/154.0.0.0 Mobile Safari/537.36",411x805@2.625
bfd00361-2a6d-4dd8-bb46-b90c788ea5ef,2f93944f-d4e2-43a8-82fa-bf931ef89921,P06,1,1,2026-10-09T20:16:21.410Z,479021,cinco-seg,S03,S03,A,answer,,,,,,,,,6,"{""q"": ""P4""}","Mozilla/5.0 (Linux; Android 10; K) AppleWebKit/537.36 (KHTML, like Gecko) Chrome/154.0.0.0 Mobile Safari/537.36",411x805@2.625
64a32678-836d-48ba-8c62-6f6e075549a0,2f93944f-d4e2-43a8-82fa-bf931ef89921,P06,1,1,2026-10-09T20:16:54.817Z,512428,cinco-seg,S03,S03,A,answer,,,,,,,,,Espacio personal,"{""q"": ""P5""}","Mozilla/5.0 (Linux; Android 10; K) AppleWebKit/537.36 (KHTML, like Gecko) Chrome/154.0.0.0 Mobile Safari/537.36",411x805@2.625
1a53ed2c-b357-41d8-ba6d-3bbb85238926,2f93944f-d4e2-43a8-82fa-bf931ef89921,P06,1,1,2026-10-09T20:17:08.345Z,525955,cinco-seg,S03,S03,A,answer,50.5,59.9,5s.punto,,,,,,"punto:50.5,59.9",,"Mozilla/5.0 (Linux; Android 10; K) AppleWebKit/537.36 (KHTML, like Gecko) Chrome/154.0.0.0 Mobile Safari/537.36",411x805@2.625
8d33a325-da10-47fe-8a20-6aeb1609e6e7,2f93944f-d4e2-43a8-82fa-bf931ef89921,P06,1,1,2026-10-09T20:17:11.023Z,528634,cinco-seg,S03,S03,A,task.end,,,,,,,,,ok,,"Mozilla/5.0 (Linux; Android 10; K) AppleWebKit/537.36 (KHTML, like Gecko) Chrome/154.0.0.0 Mobile Safari/537.36",411x805@2.625
bdc0c75e-8079-4e09-92fe-9a2dc40b2eee,2f93944f-d4e2-43a8-82fa-bf931ef89921,P06,1,1,2026-10-09T20:17:16.294Z,533904,cinco-seg,S02,S02,A,task.start,,,,,,,,,,"{""prueba"": ""5 segundos""}","Mozilla/5.0 (Linux; Android 10; K) AppleWebKit/537.36 (KHTML, like Gecko) Chrome/154.0.0.0 Mobile Safari/537.36",411x805@2.625
04788bda-21f3-4fd8-9736-05f8bdbeaa00,2f93944f-d4e2-43a8-82fa-bf931ef89921,P06,1,1,2026-10-09T20:17:21.768Z,539379,cinco-seg,S02,S02,A,action,,,,,,,,,estimulo.5s,"{""realMs"": 5451, ""pantalla"": ""S02""}","Mozilla/5.0 (Linux; Android 10; K) AppleWebKit/537.36 (KHTML, like Gecko) Chrome/154.0.0.0 Mobile Safari/537.36",411x805@2.625
70d7a611-c6d6-4ffa-90bb-76f55a83f81d,2f93944f-d4e2-43a8-82fa-bf931ef89921,P06,1,1,2026-10-09T20:17:38.075Z,555686,cinco-seg,S02,S02,A,answer,,,,,,,,,Una tarjeta tipo story de Instagram ,"{""q"": ""P1""}","Mozilla/5.0 (Linux; Android 10; K) AppleWebKit/537.36 (KHTML, like Gecko) Chrome/154.0.0.0 Mobile Safari/537.36",411x805@2.625
ce8cbedd-b48c-4167-a939-12e1e73babf6,2f93944f-d4e2-43a8-82fa-bf931ef89921,P06,1,1,2026-10-09T20:18:20.815Z,598425,cinco-seg,S02,S02,A,answer,,,,,,,,,Por botones en la parte inferior me dio a entender que es para ver si la película me llama la atencion o no ,"{""q"": ""P2""}","Mozilla/5.0 (Linux; Android 10; K) AppleWebKit/537.36 (KHTML, like Gecko) Chrome/154.0.0.0 Mobile Safari/537.36",411x805@2.625
398b0edb-2c89-4fae-b65f-4b253890d8e8,2f93944f-d4e2-43a8-82fa-bf931ef89921,P06,1,1,2026-10-09T20:19:15.723Z,653334,cinco-seg,S02,S02,A,answer,,,,,,,,,Interactuar con los botones inferiores para reconocer si mas adelante cumplen una función que influya en mis intereses,"{""q"": ""P3""}","Mozilla/5.0 (Linux; Android 10; K) AppleWebKit/537.36 (KHTML, like Gecko) Chrome/154.0.0.0 Mobile Safari/537.36",411x805@2.625
99704048-fba6-48e6-89c3-8a251e08315e,2f93944f-d4e2-43a8-82fa-bf931ef89921,P06,1,1,2026-10-09T20:19:18.421Z,656032,cinco-seg,S02,S02,A,answer,,,,,,,,,7,"{""q"": ""P4""}","Mozilla/5.0 (Linux; Android 10; K) AppleWebKit/537.36 (KHTML, like Gecko) Chrome/154.0.0.0 Mobile Safari/537.36",411x805@2.625
d221fc77-d03f-487e-bb19-d60217199039,2f93944f-d4e2-43a8-82fa-bf931ef89921,P06,1,1,2026-10-09T20:19:46.936Z,684547,cinco-seg,S02,S02,A,answer,,,,,,,,,"Informativo, llamativo y claro","{""q"": ""P5""}","Mozilla/5.0 (Linux; Android 10; K) AppleWebKit/537.36 (KHTML, like Gecko) Chrome/154.0.0.0 Mobile Safari/537.36",411x805@2.625
8492d792-7e8b-4db6-8351-f46a352d9d28,2f93944f-d4e2-43a8-82fa-bf931ef89921,P06,1,1,2026-10-09T20:19:52.095Z,689706,cinco-seg,S02,S02,A,answer,27.7,37.9,5s.punto,,,,,,"punto:27.7,37.9",,"Mozilla/5.0 (Linux; Android 10; K) AppleWebKit/537.36 (KHTML, like Gecko) Chrome/154.0.0.0 Mobile Safari/537.36",411x805@2.625
94d70d39-4ae9-45a8-a5aa-b9841e608245,2f93944f-d4e2-43a8-82fa-bf931ef89921,P06,1,1,2026-10-09T20:20:19.629Z,717240,cinco-seg,S02,S02,A,task.end,,,,,,,,,ok,,"Mozilla/5.0 (Linux; Android 10; K) AppleWebKit/537.36 (KHTML, like Gecko) Chrome/154.0.0.0 Mobile Safari/537.36",411x805@2.625
97983c6a-8204-4f81-a72f-9ecb7947c929,2f93944f-d4e2-43a8-82fa-bf931ef89921,P06,1,1,2026-10-09T20:20:28.034Z,725645,cards,C3,S02,A,task.start,,,,,,,,,,"{""face"": ""frente"", ""film"": ""faro"", ""prueba"": ""5 s – Cards""}","Mozilla/5.0 (Linux; Android 10; K) AppleWebKit/537.36 (KHTML, like Gecko) Chrome/154.0.0.0 Mobile Safari/537.36",411x805@2.625
b76889f6-bd18-4afe-91f7-d75666168b65,2f93944f-d4e2-43a8-82fa-bf931ef89921,P06,1,1,2026-10-09T20:20:33.495Z,731106,cards,C3,S02,A,action,,,,,,,,,estimulo.5s,"{""card"": ""C3"", ""realMs"": 5451}","Mozilla/5.0 (Linux; Android 10; K) AppleWebKit/537.36 (KHTML, like Gecko) Chrome/154.0.0.0 Mobile Safari/537.36",411x805@2.625
0e3df3bf-c75b-4a82-a55c-909b69a267ef,2f93944f-d4e2-43a8-82fa-bf931ef89921,P06,1,1,2026-10-09T20:20:40.061Z,737672,cards,C3,S02,A,answer,,,,,,,,,No,"{""q"": ""C0""}","Mozilla/5.0 (Linux; Android 10; K) AppleWebKit/537.36 (KHTML, like Gecko) Chrome/154.0.0.0 Mobile Safari/537.36",411x805@2.625
d04d21c4-2ea8-4eb7-bef0-ba03b2ca0925,2f93944f-d4e2-43a8-82fa-bf931ef89921,P06,1,1,2026-10-09T20:20:46.290Z,743901,cards,C3,S02,A,answer,,,,,,,,,"{""op"":""Medidor de match""}","{""q"": ""C1""}","Mozilla/5.0 (Linux; Android 10; K) AppleWebKit/537.36 (KHTML, like Gecko) Chrome/154.0.0.0 Mobile Safari/537.36",411x805@2.625
63d718e4-0529-4513-a170-697cb1ebd58e,2f93944f-d4e2-43a8-82fa-bf931ef89921,P06,1,0,2026-10-09T20:22:00.101Z,67,registro,,,U,action,,,,,,,,,session.resume,"{""faseSiguiente"": 1}","Mozilla/5.0 (Linux; Android 10; K) AppleWebKit/537.36 (KHTML, like Gecko) Chrome/154.0.0.0 Mobile Safari/537.36",411x805@2.625
7a335815-8adf-4c90-b5a6-a110298518a5,2f93944f-d4e2-43a8-82fa-bf931ef89921,P06,1,1,2026-10-09T20:22:04.758Z,4720,registro,,,U,phase.start,,,,,,,,,1,,"Mozilla/5.0 (Linux; Android 10; K) AppleWebKit/537.36 (KHTML, like Gecko) Chrome/154.0.0.0 Mobile Safari/537.36",411x805@2.625
4c89ec03-cf20-4fcf-ace2-b8ba9a4485c8,2f93944f-d4e2-43a8-82fa-bf931ef89921,P06,1,1,2026-10-09T20:22:07.486Z,7447,contexto,edad,contexto,U,answer,,,,,,,,,22,,"Mozilla/5.0 (Linux; Android 10; K) AppleWebKit/537.36 (KHTML, like Gecko) Chrome/154.0.0.0 Mobile Safari/537.36",411x805@2.625
01705268-c077-414d-861a-66119393903b,2f93944f-d4e2-43a8-82fa-bf931ef89921,P06,1,1,2026-10-09T20:22:09.059Z,9020,contexto,genero,contexto,U,answer,,,,,,,,,Mujer,,"Mozilla/5.0 (Linux; Android 10; K) AppleWebKit/537.36 (KHTML, like Gecko) Chrome/154.0.0.0 Mobile Safari/537.36",411x805@2.625
8dec6889-5b68-4186-b98d-18cec21b1e8d,2f93944f-d4e2-43a8-82fa-bf931ef89921,P06,1,1,2026-10-09T20:22:11.743Z,11705,contexto,C1,contexto,U,answer,,,,,,,,,Varias veces por semana,,"Mozilla/5.0 (Linux; Android 10; K) AppleWebKit/537.36 (KHTML, like Gecko) Chrome/154.0.0.0 Mobile Safari/537.36",411x805@2.625
4c8aec1a-461c-497c-ab34-f65180975c38,2f93944f-d4e2-43a8-82fa-bf931ef89921,P06,1,1,2026-10-09T20:22:20.512Z,20473,contexto,C2,contexto,U,answer,,,,,,,,,"Netflix
Disney +",,"Mozilla/5.0 (Linux; Android 10; K) AppleWebKit/537.36 (KHTML, like Gecko) Chrome/154.0.0.0 Mobile Safari/537.36",411x805@2.625
1b7c724b-ad72-479f-a364-d46c3b8c57a8,2f93944f-d4e2-43a8-82fa-bf931ef89921,P06,1,1,2026-10-09T20:22:27.498Z,27460,contexto,C3,contexto,U,answer,,,,,,,,,Redes sociales ,,"Mozilla/5.0 (Linux; Android 10; K) AppleWebKit/537.36 (KHTML, like Gecko) Chrome/154.0.0.0 Mobile Safari/537.36",411x805@2.625
94e13f4a-7a5c-4d9b-909c-bb453c6b2e2a,2f93944f-d4e2-43a8-82fa-bf931ef89921,P06,1,1,2026-10-09T20:22:30.698Z,30659,contexto,C4,contexto,U,answer,,,,,,,,,Sí,,"Mozilla/5.0 (Linux; Android 10; K) AppleWebKit/537.36 (KHTML, like Gecko) Chrome/154.0.0.0 Mobile Safari/537.36",411x805@2.625
5e976da5-057e-4442-9c43-d006a02fb847,2f93944f-d4e2-43a8-82fa-bf931ef89921,P06,1,1,2026-10-09T20:22:38.822Z,38784,contexto,C4b,contexto,U,answer,,,,,,,,,Tiktok e Instagram ,,"Mozilla/5.0 (Linux; Android 10; K) AppleWebKit/537.36 (KHTML, like Gecko) Chrome/154.0.0.0 Mobile Safari/537.36",411x805@2.625
7d4b6979-6ad0-4a6f-afef-53ea1ff6d8c0,2f93944f-d4e2-43a8-82fa-bf931ef89921,P06,1,1,2026-10-09T20:22:43.249Z,43211,contexto,C5,contexto,U,answer,,,,,,,,,Poco,,"Mozilla/5.0 (Linux; Android 10; K) AppleWebKit/537.36 (KHTML, like Gecko) Chrome/154.0.0.0 Mobile Safari/537.36",411x805@2.625
e179898a-c7cb-42c6-a105-a80803cd14ee,2f93944f-d4e2-43a8-82fa-bf931ef89921,P06,1,1,2026-10-09T20:22:53.701Z,53662,cinco-seg,S04,S04,A,task.start,,,,,,,,,,"{""prueba"": ""5 segundos""}","Mozilla/5.0 (Linux; Android 10; K) AppleWebKit/537.36 (KHTML, like Gecko) Chrome/154.0.0.0 Mobile Safari/537.36",411x805@2.625
90bdb5a9-ac24-4700-a1a7-0a0f1cebf8f8,2f93944f-d4e2-43a8-82fa-bf931ef89921,P06,1,1,2026-10-09T20:22:59.429Z,59390,cinco-seg,S04,S04,A,action,,,,,,,,,estimulo.5s,"{""realMs"": 5692, ""pantalla"": ""S04""}","Mozilla/5.0 (Linux; Android 10; K) AppleWebKit/537.36 (KHTML, like Gecko) Chrome/154.0.0.0 Mobile Safari/537.36",411x805@2.625
ea1a240c-9b7d-4522-ab21-2ce392ddf029,2f93944f-d4e2-43a8-82fa-bf931ef89921,P06,1,1,2026-10-09T20:23:32.824Z,92786,cinco-seg,S04,S04,A,answer,,,,,,,,,El Logo y la cinta de cine,"{""q"": ""P1""}","Mozilla/5.0 (Linux; Android 10; K) AppleWebKit/537.36 (KHTML, like Gecko) Chrome/154.0.0.0 Mobile Safari/537.36",411x805@2.625
8f952888-0656-4768-bb3e-f5ef8bb38384,2f93944f-d4e2-43a8-82fa-bf931ef89921,P06,1,1,2026-10-09T20:23:43.822Z,103783,cinco-seg,S04,S04,A,answer,,,,,,,,,Es el home de la aplicación,"{""q"": ""P2""}","Mozilla/5.0 (Linux; Android 10; K) AppleWebKit/537.36 (KHTML, like Gecko) Chrome/154.0.0.0 Mobile Safari/537.36",411x805@2.625
cb892382-4da2-4408-990e-fbcdfa379128,2f93944f-d4e2-43a8-82fa-bf931ef89921,P06,1,1,2026-10-09T20:23:59.903Z,119865,cinco-seg,S04,S04,A,answer,,,,,,,,,Dirigirme al icono de la cinta de película ,"{""q"": ""P3""}","Mozilla/5.0 (Linux; Android 10; K) AppleWebKit/537.36 (KHTML, like Gecko) Chrome/154.0.0.0 Mobile Safari/537.36",411x805@2.625
26602cd2-d256-40c2-88be-40cc3638ad40,2f93944f-d4e2-43a8-82fa-bf931ef89921,P06,1,1,2026-10-09T20:24:02.123Z,122085,cinco-seg,S04,S04,A,answer,,,,,,,,,7,"{""q"": ""P4""}","Mozilla/5.0 (Linux; Android 10; K) AppleWebKit/537.36 (KHTML, like Gecko) Chrome/154.0.0.0 Mobile Safari/537.36",411x805@2.625
eae6586d-0c40-4ff4-bbc4-8c2d47c4958b,2f93944f-d4e2-43a8-82fa-bf931ef89921,P06,1,1,2026-10-09T20:24:16.375Z,136337,cinco-seg,S04,S04,A,answer,,,,,,,,,Calido y estructurado,"{""q"": ""P5""}","Mozilla/5.0 (Linux; Android 10; K) AppleWebKit/537.36 (KHTML, like Gecko) Chrome/154.0.0.0 Mobile Safari/537.36",411x805@2.625
168a4aa1-4c5c-4c90-937a-04b519b9cfd0,2f93944f-d4e2-43a8-82fa-bf931ef89921,P06,1,1,2026-10-09T20:24:37.992Z,157953,cinco-seg,S04,S04,A,answer,18.4,20.2,5s.punto,,,,,,"punto:18.4,20.2",,"Mozilla/5.0 (Linux; Android 10; K) AppleWebKit/537.36 (KHTML, like Gecko) Chrome/154.0.0.0 Mobile Safari/537.36",411x805@2.625
df91a1e2-5b21-47af-892a-b848cb92515c,2f93944f-d4e2-43a8-82fa-bf931ef89921,P06,1,1,2026-10-09T20:24:50.864Z,170826,cinco-seg,S04,S04,A,task.end,,,,,,,,,ok,,"Mozilla/5.0 (Linux; Android 10; K) AppleWebKit/537.36 (KHTML, like Gecko) Chrome/154.0.0.0 Mobile Safari/537.36",411x805@2.625
07756b98-0a56-4f81-9d81-5a5a4abf6c10,2f93944f-d4e2-43a8-82fa-bf931ef89921,P06,1,1,2026-10-09T20:24:53.988Z,173949,cinco-seg,S05,S05,A,task.start,,,,,,,,,,"{""prueba"": ""5 segundos""}","Mozilla/5.0 (Linux; Android 10; K) AppleWebKit/537.36 (KHTML, like Gecko) Chrome/154.0.0.0 Mobile Safari/537.36",411x805@2.625
dd1bf211-1d4e-4a9f-9c96-4a90e1a95748,2f93944f-d4e2-43a8-82fa-bf931ef89921,P06,1,1,2026-10-09T20:25:00.427Z,180389,cinco-seg,S05,S05,A,action,,,,,,,,,estimulo.5s,"{""realMs"": 6423, ""pantalla"": ""S05""}","Mozilla/5.0 (Linux; Android 10; K) AppleWebKit/537.36 (KHTML, like Gecko) Chrome/154.0.0.0 Mobile Safari/537.36",411x805@2.625
9baa0e60-5771-49ac-865c-4cffd2bb68f9,2f93944f-d4e2-43a8-82fa-bf931ef89921,P06,1,1,2026-10-09T20:25:22.081Z,202043,cinco-seg,S05,S05,A,answer,,,,,,,,,Los mazos,"{""q"": ""P1""}","Mozilla/5.0 (Linux; Android 10; K) AppleWebKit/537.36 (KHTML, like Gecko) Chrome/154.0.0.0 Mobile Safari/537.36",411x805@2.625
bfc1a2dd-578f-4ad8-84bb-e4ab10b2da0a,2f93944f-d4e2-43a8-82fa-bf931ef89921,P06,1,1,2026-10-09T20:25:48.653Z,228615,cinco-seg,S05,S05,A,answer,,,,,,,,,Muestra opciones aleatorias de películas teniendo en cuenta gustos,"{""q"": ""P2""}","Mozilla/5.0 (Linux; Android 10; K) AppleWebKit/537.36 (KHTML, like Gecko) Chrome/154.0.0.0 Mobile Safari/537.36",411x805@2.625
9a8b56a8-27ad-43bc-882d-a846d7335c29,2f93944f-d4e2-43a8-82fa-bf931ef89921,P06,1,1,2026-10-09T20:26:12.591Z,252553,cinco-seg,S05,S05,A,answer,,,,,,,,,Darle click al boton naranja,"{""q"": ""P3""}","Mozilla/5.0 (Linux; Android 10; K) AppleWebKit/537.36 (KHTML, like Gecko) Chrome/154.0.0.0 Mobile Safari/537.36",411x805@2.625
fae34c44-8184-4e4f-afd7-cb1185c54679,2f93944f-d4e2-43a8-82fa-bf931ef89921,P06,1,1,2026-10-09T20:26:16.936Z,256897,cinco-seg,S05,S05,A,answer,,,,,,,,,7,"{""q"": ""P4""}","Mozilla/5.0 (Linux; Android 10; K) AppleWebKit/537.36 (KHTML, like Gecko) Chrome/154.0.0.0 Mobile Safari/537.36",411x805@2.625
568c0d9f-9112-4578-856d-b4bc7e128cf7,2f93944f-d4e2-43a8-82fa-bf931ef89921,P06,1,1,2026-10-09T20:26:51.252Z,291213,cinco-seg,S05,S05,A,answer,,,,,,,,,Juego ,"{""q"": ""P5""}","Mozilla/5.0 (Linux; Android 10; K) AppleWebKit/537.36 (KHTML, like Gecko) Chrome/154.0.0.0 Mobile Safari/537.36",411x805@2.625
f6e7c324-a8ee-4bc2-8184-f72f8d516bcf,2f93944f-d4e2-43a8-82fa-bf931ef89921,P06,1,1,2026-10-09T20:27:07.656Z,307617,cinco-seg,S05,S05,A,answer,69.7,4.1,5s.punto,,,,,,"punto:69.7,4.1",,"Mozilla/5.0 (Linux; Android 10; K) AppleWebKit/537.36 (KHTML, like Gecko) Chrome/154.0.0.0 Mobile Safari/537.36",411x805@2.625
914e12a8-0180-4050-be75-257188e3e16d,2f93944f-d4e2-43a8-82fa-bf931ef89921,P06,1,1,2026-10-09T20:27:10.670Z,310631,cinco-seg,S05,S05,A,answer,74.3,94,5s.punto,,,,,,"punto:74.3,94.0",,"Mozilla/5.0 (Linux; Android 10; K) AppleWebKit/537.36 (KHTML, like Gecko) Chrome/154.0.0.0 Mobile Safari/537.36",411x805@2.625
bd8ee1d8-ee86-4a35-847b-47dafb5b6fa1,2f93944f-d4e2-43a8-82fa-bf931ef89921,P06,1,1,2026-10-09T20:27:11.932Z,311894,cinco-seg,S05,S05,A,task.end,,,,,,,,,ok,,"Mozilla/5.0 (Linux; Android 10; K) AppleWebKit/537.36 (KHTML, like Gecko) Chrome/154.0.0.0 Mobile Safari/537.36",411x805@2.625
3a29f39a-23bd-484a-8610-2032a8fcbb53,2f93944f-d4e2-43a8-82fa-bf931ef89921,P06,1,1,2026-10-09T20:28:20.654Z,380615,cinco-seg,S03,S03,A,task.start,,,,,,,,,,"{""prueba"": ""5 segundos""}","Mozilla/5.0 (Linux; Android 10; K) AppleWebKit/537.36 (KHTML, like Gecko) Chrome/154.0.0.0 Mobile Safari/537.36",411x805@2.625
0d0ba651-0ac1-4391-b919-d77bcaeea11d,2f93944f-d4e2-43a8-82fa-bf931ef89921,P06,1,1,2026-10-09T20:28:26.429Z,386391,cinco-seg,S03,S03,A,action,,,,,,,,,estimulo.5s,"{""realMs"": 5759, ""pantalla"": ""S03""}","Mozilla/5.0 (Linux; Android 10; K) AppleWebKit/537.36 (KHTML, like Gecko) Chrome/154.0.0.0 Mobile Safari/537.36",411x805@2.625
8c141612-ef1f-455e-b6d5-9e5635f4af4d,2f93944f-d4e2-43a8-82fa-bf931ef89921,P06,1,1,2026-10-09T20:28:51.462Z,411423,cinco-seg,S03,S03,A,answer,,,,,,,,,Interfaz blanca con iconos de colores,"{""q"": ""P1""}","Mozilla/5.0 (Linux; Android 10; K) AppleWebKit/537.36 (KHTML, like Gecko) Chrome/154.0.0.0 Mobile Safari/537.36",411x805@2.625
34700d03-88be-4df0-870a-190fa5dc91c2,2f93944f-d4e2-43a8-82fa-bf931ef89921,P06,1,1,2026-10-09T20:29:05.686Z,425648,cinco-seg,S03,S03,A,answer,,,,,,,,,Para dar opciones de lo que acabo de ver,"{""q"": ""P2""}","Mozilla/5.0 (Linux; Android 10; K) AppleWebKit/537.36 (KHTML, like Gecko) Chrome/154.0.0.0 Mobile Safari/537.36",411x805@2.625
bfc971a0-a0e0-4254-9e16-04bdabf62cbc,2f93944f-d4e2-43a8-82fa-bf931ef89921,P06,1,1,2026-10-09T20:29:43.607Z,463569,cinco-seg,S03,S03,A,answer,,,,,,,,,Interactuar con lo que me ofrece los 3 primeros iconos,"{""q"": ""P3""}","Mozilla/5.0 (Linux; Android 10; K) AppleWebKit/537.36 (KHTML, like Gecko) Chrome/154.0.0.0 Mobile Safari/537.36",411x805@2.625
8693db37-3223-45f3-8ec6-39a7a2cdd376,2f93944f-d4e2-43a8-82fa-bf931ef89921,P06,1,1,2026-10-09T20:29:45.967Z,465928,cinco-seg,S03,S03,A,answer,,,,,,,,,7,"{""q"": ""P4""}","Mozilla/5.0 (Linux; Android 10; K) AppleWebKit/537.36 (KHTML, like Gecko) Chrome/154.0.0.0 Mobile Safari/537.36",411x805@2.625
e29b6d5e-0aba-416f-a065-4b0ee00db8cb,2f93944f-d4e2-43a8-82fa-bf931ef89921,P06,1,1,2026-10-09T20:29:52.616Z,472577,cinco-seg,S03,S03,A,answer,,,,,,,,,Orden,"{""q"": ""P5""}","Mozilla/5.0 (Linux; Android 10; K) AppleWebKit/537.36 (KHTML, like Gecko) Chrome/154.0.0.0 Mobile Safari/537.36",411x805@2.625
7d76151b-563b-4581-ba73-f2c15a8a4875,2f93944f-d4e2-43a8-82fa-bf931ef89921,P06,1,1,2026-10-09T20:29:55.848Z,475810,cinco-seg,S03,S03,A,answer,49.5,41.9,5s.punto,,,,,,"punto:49.5,41.9",,"Mozilla/5.0 (Linux; Android 10; K) AppleWebKit/537.36 (KHTML, like Gecko) Chrome/154.0.0.0 Mobile Safari/537.36",411x805@2.625
5a0c20f3-3fb1-4674-b419-a53af5ca9498,2f93944f-d4e2-43a8-82fa-bf931ef89921,P06,1,1,2026-10-09T20:30:15.880Z,495841,cinco-seg,S03,S03,A,task.end,,,,,,,,,ok,,"Mozilla/5.0 (Linux; Android 10; K) AppleWebKit/537.36 (KHTML, like Gecko) Chrome/154.0.0.0 Mobile Safari/537.36",411x805@2.625
78d5b8c1-6f5d-4b93-9f30-5f390ee3ef4f,2f93944f-d4e2-43a8-82fa-bf931ef89921,P06,1,1,2026-10-09T20:30:17.634Z,497596,cinco-seg,S02,S02,A,task.start,,,,,,,,,,"{""prueba"": ""5 segundos""}","Mozilla/5.0 (Linux; Android 10; K) AppleWebKit/537.36 (KHTML, like Gecko) Chrome/154.0.0.0 Mobile Safari/537.36",411x805@2.625
1fd563de-ae19-41a3-b05a-99574661f2e5,2f93944f-d4e2-43a8-82fa-bf931ef89921,P06,1,1,2026-10-09T20:30:23.428Z,503389,cinco-seg,S02,S02,A,action,,,,,,,,,estimulo.5s,"{""realMs"": 5763, ""pantalla"": ""S02""}","Mozilla/5.0 (Linux; Android 10; K) AppleWebKit/537.36 (KHTML, like Gecko) Chrome/154.0.0.0 Mobile Safari/537.36",411x805@2.625
8e3d9991-65f9-4aaa-ae25-8f67d1ebd93a,2f93944f-d4e2-43a8-82fa-bf931ef89921,P06,1,1,2026-10-09T20:30:35.291Z,515252,cinco-seg,S02,S02,A,answer,,,,,,,,,El porcentaje de match,"{""q"": ""P1""}","Mozilla/5.0 (Linux; Android 10; K) AppleWebKit/537.36 (KHTML, like Gecko) Chrome/154.0.0.0 Mobile Safari/537.36",411x805@2.625
302fecac-713a-47dc-9c64-6f8bb33b7b2c,2f93944f-d4e2-43a8-82fa-bf931ef89921,P06,1,1,2026-10-09T20:30:57.721Z,537682,cinco-seg,S02,S02,A,answer,,,,,,,,,Para conocer sobre una película y ver si va hacia la derecha o izquierda,"{""q"": ""P2""}","Mozilla/5.0 (Linux; Android 10; K) AppleWebKit/537.36 (KHTML, like Gecko) Chrome/154.0.0.0 Mobile Safari/537.36",411x805@2.625
69423a95-07c3-44a6-9fd3-23911bd52676,2f93944f-d4e2-43a8-82fa-bf931ef89921,P06,1,1,2026-10-09T20:31:19.092Z,559054,cinco-seg,S02,S02,A,answer,,,,,,,,,Interactuar con los iconos inferiores para ver lo que me ofrece,"{""q"": ""P3""}","Mozilla/5.0 (Linux; Android 10; K) AppleWebKit/537.36 (KHTML, like Gecko) Chrome/154.0.0.0 Mobile Safari/537.36",411x805@2.625
9d331b30-ce41-4320-8380-695658eec9c8,2f93944f-d4e2-43a8-82fa-bf931ef89921,P06,1,1,2026-10-09T20:31:21.174Z,561136,cinco-seg,S02,S02,A,answer,,,,,,,,,7,"{""q"": ""P4""}","Mozilla/5.0 (Linux; Android 10; K) AppleWebKit/537.36 (KHTML, like Gecko) Chrome/154.0.0.0 Mobile Safari/537.36",411x805@2.625
1e8fefcd-2035-48c6-bd37-614a4dfdd2c9,2f93944f-d4e2-43a8-82fa-bf931ef89921,P06,1,1,2026-10-09T20:31:37.643Z,577604,cinco-seg,S02,S02,A,answer,,,,,,,,,Llamativo,"{""q"": ""P5""}","Mozilla/5.0 (Linux; Android 10; K) AppleWebKit/537.36 (KHTML, like Gecko) Chrome/154.0.0.0 Mobile Safari/537.36",411x805@2.625
6f984504-924d-40e5-a58d-8cc204d23452,2f93944f-d4e2-43a8-82fa-bf931ef89921,P06,1,1,2026-10-09T20:31:41.839Z,581800,cinco-seg,S02,S02,A,answer,27.6,38.8,5s.punto,,,,,,"punto:27.6,38.8",,"Mozilla/5.0 (Linux; Android 10; K) AppleWebKit/537.36 (KHTML, like Gecko) Chrome/154.0.0.0 Mobile Safari/537.36",411x805@2.625
56acf4c8-d2f4-4e05-a5d2-e5d660413f55,2f93944f-d4e2-43a8-82fa-bf931ef89921,P06,1,1,2026-10-09T20:31:51.458Z,591420,cinco-seg,S02,S02,A,task.end,,,,,,,,,ok,,"Mozilla/5.0 (Linux; Android 10; K) AppleWebKit/537.36 (KHTML, like Gecko) Chrome/154.0.0.0 Mobile Safari/537.36",411x805@2.625
7e596c75-ee91-4b97-9048-dd64d7a5dbc8,2f93944f-d4e2-43a8-82fa-bf931ef89921,P06,1,1,2026-10-09T20:31:52.897Z,592859,cards,C3,S02,A,task.start,,,,,,,,,,"{""face"": ""frente"", ""film"": ""faro"", ""prueba"": ""5 s – Cards""}","Mozilla/5.0 (Linux; Android 10; K) AppleWebKit/537.36 (KHTML, like Gecko) Chrome/154.0.0.0 Mobile Safari/537.36",411x805@2.625
1abc571b-3ae3-46d7-bfb0-6d10cb82a4d4,2f93944f-d4e2-43a8-82fa-bf931ef89921,P06,1,1,2026-10-09T20:31:58.429Z,598390,cards,C3,S02,A,action,,,,,,,,,estimulo.5s,"{""card"": ""C3"", ""realMs"": 5522}","Mozilla/5.0 (Linux; Android 10; K) AppleWebKit/537.36 (KHTML, like Gecko) Chrome/154.0.0.0 Mobile Safari/537.36",411x805@2.625
d8874a72-40fd-4231-bf0d-312eac441b48,2f93944f-d4e2-43a8-82fa-bf931ef89921,P06,1,1,2026-10-09T20:32:12.052Z,612014,cards,C3,S02,A,answer,,,,,,,,,No,"{""q"": ""C0""}","Mozilla/5.0 (Linux; Android 10; K) AppleWebKit/537.36 (KHTML, like Gecko) Chrome/154.0.0.0 Mobile Safari/537.36",411x805@2.625
8167dfe6-8ed3-4013-8520-8b4df0037bef,2f93944f-d4e2-43a8-82fa-bf931ef89921,P06,1,1,2026-10-09T20:32:16.924Z,616886,cards,C3,S02,A,answer,,,,,,,,,"{""op"":""Medidor de match""}","{""q"": ""C1""}","Mozilla/5.0 (Linux; Android 10; K) AppleWebKit/537.36 (KHTML, like Gecko) Chrome/154.0.0.0 Mobile Safari/537.36",411x805@2.625
a11a1ff8-1407-45a6-81e9-c2803e55c45f,2f93944f-d4e2-43a8-82fa-bf931ef89921,P06,1,1,2026-10-09T20:32:23.018Z,622980,cards,C3,S02,A,answer,,,,,,,,,Una pareja,"{""q"": ""C3""}","Mozilla/5.0 (Linux; Android 10; K) AppleWebKit/537.36 (KHTML, like Gecko) Chrome/154.0.0.0 Mobile Safari/537.36",411x805@2.625
625fa4de-fc89-4754-8101-c62585a6dc87,2f93944f-d4e2-43a8-82fa-bf931ef89921,P06,1,1,2026-10-09T20:32:27.422Z,627384,cards,C3,S02,A,answer,,,,,,,,,5,"{""q"": ""C4""}","Mozilla/5.0 (Linux; Android 10; K) AppleWebKit/537.36 (KHTML, like Gecko) Chrome/154.0.0.0 Mobile Safari/537.36",411x805@2.625
93da1aca-a76d-4f17-bbde-b9b74bfcb1e2,2f93944f-d4e2-43a8-82fa-bf931ef89921,P06,1,1,2026-10-09T20:32:53.610Z,653571,cards,C3,S02,A,answer,,,,,,,,,Conocer la historia sin necesidad de ver a primera vista los personajes o su portada,"{""q"": ""C5""}","Mozilla/5.0 (Linux; Android 10; K) AppleWebKit/537.36 (KHTML, like Gecko) Chrome/154.0.0.0 Mobile Safari/537.36",411x805@2.625
6ab03110-a29b-4435-8982-49f4a8ec15d4,2f93944f-d4e2-43a8-82fa-bf931ef89921,P06,1,1,2026-10-09T20:33:10.518Z,670479,cards,C3,S02,A,answer,,,,,,,,,La información que me ofrece me parece bien,"{""q"": ""C6""}","Mozilla/5.0 (Linux; Android 10; K) AppleWebKit/537.36 (KHTML, like Gecko) Chrome/154.0.0.0 Mobile Safari/537.36",411x805@2.625
ca78e0e6-13a0-4819-a751-3eb8763ec87c,2f93944f-d4e2-43a8-82fa-bf931ef89921,P06,1,1,2026-10-09T20:33:10.536Z,670498,cards,C3,S02,A,screen.view,,,,,,,,,,"{""flujo"": ""Descubrir: explorar y guardar""}","Mozilla/5.0 (Linux; Android 10; K) AppleWebKit/537.36 (KHTML, like Gecko) Chrome/154.0.0.0 Mobile Safari/537.36",411x805@2.625
64a3954e-8ee9-463a-9177-a6692a0d20a3,2f93944f-d4e2-43a8-82fa-bf931ef89921,P06,1,1,2026-10-09T20:33:16.708Z,676669,cards,C3,S02,A,tap,79.6,82.9,S02.btn-quiero,true,,Sin zona definida,1,6.1,,,"Mozilla/5.0 (Linux; Android 10; K) AppleWebKit/537.36 (KHTML, like Gecko) Chrome/154.0.0.0 Mobile Safari/537.36",411x805@2.625
7a394696-684f-4fd3-84e9-ba764d87551e,2f93944f-d4e2-43a8-82fa-bf931ef89921,P06,1,1,2026-10-09T20:33:16.716Z,676677,cards,C3,S02,A,action,,,,,,,,,mark.ring,"{""dir"": ""right"", ""film"": ""faro""}","Mozilla/5.0 (Linux; Android 10; K) AppleWebKit/537.36 (KHTML, like Gecko) Chrome/154.0.0.0 Mobile Safari/537.36",411x805@2.625
933a84b7-9179-4164-89bc-402c900d628d,2f93944f-d4e2-43a8-82fa-bf931ef89921,P06,1,1,2026-10-09T20:33:22.144Z,682105,cards,C3,S02,A,tap,53.7,83,S02.btn-vista,true,,Sin zona definida,2,11.6,,,"Mozilla/5.0 (Linux; Android 10; K) AppleWebKit/537.36 (KHTML, like Gecko) Chrome/154.0.0.0 Mobile Safari/537.36",411x805@2.625
a10350c5-fde6-497a-9e73-fda3e3b321c4,2f93944f-d4e2-43a8-82fa-bf931ef89921,P06,1,1,2026-10-09T20:33:23.665Z,683626,cards,C3,S02,A,tap,51.3,81.1,S02.btn-vista,true,,Sin zona definida,3,13.1,,,"Mozilla/5.0 (Linux; Android 10; K) AppleWebKit/537.36 (KHTML, like Gecko) Chrome/154.0.0.0 Mobile Safari/537.36",411x805@2.625
4d84e4e3-1efc-4181-9bf7-c551fde0c493,2f93944f-d4e2-43a8-82fa-bf931ef89921,P06,1,1,2026-10-09T20:33:25.466Z,685427,cards,C3,S02,A,drag,74.7,66.6,S02.card,true,,Sin zona definida,4,13.6,arriba,"{""dx"": -58, ""dy"": -226, ""ms"": 1333}","Mozilla/5.0 (Linux; Android 10; K) AppleWebKit/537.36 (KHTML, like Gecko) Chrome/154.0.0.0 Mobile Safari/537.36",411x805@2.625
e187d19d-47c1-4770-a52f-d83f0f38d091,2f93944f-d4e2-43a8-82fa-bf931ef89921,P06,1,1,2026-10-09T20:33:26.495Z,686456,cards,C3,S02,A,drag,72.6,54,S02.dim-tono,true,,Sin zona definida,5,15.5,izquierda,"{""dx"": -36, ""dy"": 4, ""ms"": 507}","Mozilla/5.0 (Linux; Android 10; K) AppleWebKit/537.36 (KHTML, like Gecko) Chrome/154.0.0.0 Mobile Safari/537.36",411x805@2.625
37145143-d1f4-4d9c-8885-2ff20ac55f34,2f93944f-d4e2-43a8-82fa-bf931ef89921,P06,1,1,2026-10-09T20:33:27.871Z,687833,cards,C3,S02,A,drag,58.8,43.8,S02.card,true,,Sin zona definida,6,16.2,abajo,"{""dx"": -18, ""dy"": 22, ""ms"": 1150}","Mozilla/5.0 (Linux; Android 10; K) AppleWebKit/537.36 (KHTML, like Gecko) Chrome/154.0.0.0 Mobile Safari/537.36",411x805@2.625
b6a544eb-a8b1-43af-ae4f-5cdc2a56654a,2f93944f-d4e2-43a8-82fa-bf931ef89921,P06,1,1,2026-10-09T20:33:28.504Z,688466,cards,C3,S02,A,tap,20,81.4,S02.btn-no,true,,Sin zona definida,7,17.9,,,"Mozilla/5.0 (Linux; Android 10; K) AppleWebKit/537.36 (KHTML, like Gecko) Chrome/154.0.0.0 Mobile Safari/537.36",411x805@2.625
6791801f-e10e-4756-b6ac-6ca2d27f0016,2f93944f-d4e2-43a8-82fa-bf931ef89921,P06,1,1,2026-10-09T20:33:28.511Z,688472,cards,C3,S02,A,action,,,,,,,,,mark.x,"{""dir"": ""left"", ""film"": ""verano""}","Mozilla/5.0 (Linux; Android 10; K) AppleWebKit/537.36 (KHTML, like Gecko) Chrome/154.0.0.0 Mobile Safari/537.36",411x805@2.625
04723a51-5839-4e95-a173-ea9f886be1c7,2f93944f-d4e2-43a8-82fa-bf931ef89921,P06,1,1,2026-10-09T20:33:28.857Z,688818,cards,C3,S02.fin,A,screen.view,,,,,,,,,,"{""flujo"": ""Descubrir: explorar y guardar""}","Mozilla/5.0 (Linux; Android 10; K) AppleWebKit/537.36 (KHTML, like Gecko) Chrome/154.0.0.0 Mobile Safari/537.36",411x805@2.625
533cbca1-a40a-4e3e-a61c-dd0dae6cf4ea,2f93944f-d4e2-43a8-82fa-bf931ef89921,P06,1,1,2026-10-09T20:33:35.826Z,695788,cards,C3,S02.fin,A,tap,53.6,54,S02.repartir-de-nuevo,true,,Sin zona definida,8,25.3,,,"Mozilla/5.0 (Linux; Android 10; K) AppleWebKit/537.36 (KHTML, like Gecko) Chrome/154.0.0.0 Mobile Safari/537.36",411x805@2.625
85774075-11db-49e2-9d90-409c7eb08127,2f93944f-d4e2-43a8-82fa-bf931ef89921,P06,1,1,2026-10-09T20:33:35.835Z,695796,cards,C3,S02.fin,A,action,,,,,,,,,deck.redeal,,"Mozilla/5.0 (Linux; Android 10; K) AppleWebKit/537.36 (KHTML, like Gecko) Chrome/154.0.0.0 Mobile Safari/537.36",411x805@2.625
a1e1fc95-1c4c-418a-bea6-56bb5847926e,2f93944f-d4e2-43a8-82fa-bf931ef89921,P06,1,1,2026-10-09T20:33:35.840Z,695802,cards,C3,S02,A,screen.view,,,,,,,,,,"{""flujo"": ""Descubrir: explorar y guardar""}","Mozilla/5.0 (Linux; Android 10; K) AppleWebKit/537.36 (KHTML, like Gecko) Chrome/154.0.0.0 Mobile Safari/537.36",411x805@2.625
a57554f3-ef19-4e20-8c2e-4a9ce574593a,2f93944f-d4e2-43a8-82fa-bf931ef89921,P06,1,1,2026-10-09T20:33:38.058Z,698019,cards,C3,S02,A,tap,74.5,51.5,S02.dim-tono,true,,Sin zona definida,9,27.5,,,"Mozilla/5.0 (Linux; Android 10; K) AppleWebKit/537.36 (KHTML, like Gecko) Chrome/154.0.0.0 Mobile Safari/537.36",411x805@2.625
5c69d696-2df0-49d1-83b8-467e4c26d497,2f93944f-d4e2-43a8-82fa-bf931ef89921,P06,1,1,2026-10-09T20:33:38.068Z,698029,cards,C3,S02,A,action,,,,,,,,,dim.open,"{""dim"": ""Tono""}","Mozilla/5.0 (Linux; Android 10; K) AppleWebKit/537.36 (KHTML, like Gecko) Chrome/154.0.0.0 Mobile Safari/537.36",411x805@2.625
bd8425da-03ba-4b44-a6a6-0b7265702edc,2f93944f-d4e2-43a8-82fa-bf931ef89921,P06,1,1,2026-10-09T20:33:38.072Z,698033,cards,C3,S02.dim,A,screen.view,,,,,,,,,,"{""flujo"": ""Descubrir: explorar y guardar""}","Mozilla/5.0 (Linux; Android 10; K) AppleWebKit/537.36 (KHTML, like Gecko) Chrome/154.0.0.0 Mobile Safari/537.36",411x805@2.625
678668fc-d892-4311-bf82-a7610937cdc0,2f93944f-d4e2-43a8-82fa-bf931ef89921,P06,1,1,2026-10-09T20:33:39.323Z,699285,cards,C3,S02.dim,A,tap,85.8,29.8,S02.dim-cerrar-fondo,true,,Sin zona definida,10,28.8,,,"Mozilla/5.0 (Linux; Android 10; K) AppleWebKit/537.36 (KHTML, like Gecko) Chrome/154.0.0.0 Mobile Safari/537.36",411x805@2.625
ccbb552b-1976-45cd-bb8b-f9b76b4b8a75,2f93944f-d4e2-43a8-82fa-bf931ef89921,P06,1,1,2026-10-09T20:33:39.331Z,699293,cards,C3,S02,A,screen.view,,,,,,,,,,"{""flujo"": ""Descubrir: explorar y guardar""}","Mozilla/5.0 (Linux; Android 10; K) AppleWebKit/537.36 (KHTML, like Gecko) Chrome/154.0.0.0 Mobile Safari/537.36",411x805@2.625
04aba9ca-9cf5-40e9-a712-360544c679d9,2f93944f-d4e2-43a8-82fa-bf931ef89921,P06,1,1,2026-10-09T20:33:39.945Z,699906,cards,C3,S02,A,tap,40.8,48.3,S02.dim-ritmo,true,,Sin zona definida,11,29.4,,,"Mozilla/5.0 (Linux; Android 10; K) AppleWebKit/537.36 (KHTML, like Gecko) Chrome/154.0.0.0 Mobile Safari/537.36",411x805@2.625
f7e4cd3d-39ca-4212-90a8-421b07861d94,2f93944f-d4e2-43a8-82fa-bf931ef89921,P06,1,1,2026-10-09T20:33:39.953Z,699915,cards,C3,S02,A,action,,,,,,,,,dim.open,"{""dim"": ""Ritmo""}","Mozilla/5.0 (Linux; Android 10; K) AppleWebKit/537.36 (KHTML, like Gecko) Chrome/154.0.0.0 Mobile Safari/537.36",411x805@2.625
8dab6599-aed6-44ea-91ee-f1ba5e5d7354,2f93944f-d4e2-43a8-82fa-bf931ef89921,P06,1,1,2026-10-09T20:33:39.956Z,699918,cards,C3,S02.dim,A,screen.view,,,,,,,,,,"{""flujo"": ""Descubrir: explorar y guardar""}","Mozilla/5.0 (Linux; Android 10; K) AppleWebKit/537.36 (KHTML, like Gecko) Chrome/154.0.0.0 Mobile Safari/537.36",411x805@2.625
c0133247-ab65-493b-aa41-09dbc842b4a9,2f93944f-d4e2-43a8-82fa-bf931ef89921,P06,1,1,2026-10-09T20:33:54.103Z,714064,cards,C3,S02.dim,A,tap,62.2,91.9,S02.dim-entendido,true,,Sin zona definida,12,43.5,,,"Mozilla/5.0 (Linux; Android 10; K) AppleWebKit/537.36 (KHTML, like Gecko) Chrome/154.0.0.0 Mobile Safari/537.36",411x805@2.625
967da23e-637d-49c8-8885-b0ece34897b1,2f93944f-d4e2-43a8-82fa-bf931ef89921,P06,1,1,2026-10-09T20:33:54.110Z,714071,cards,C3,S02,A,screen.view,,,,,,,,,,"{""flujo"": ""Descubrir: explorar y guardar""}","Mozilla/5.0 (Linux; Android 10; K) AppleWebKit/537.36 (KHTML, like Gecko) Chrome/154.0.0.0 Mobile Safari/537.36",411x805@2.625
27e36317-4905-4927-b37a-b153e71c8612,2f93944f-d4e2-43a8-82fa-bf931ef89921,P06,1,1,2026-10-09T20:33:55.601Z,715562,cards,C3,S02,A,tap,78.7,48.9,S02.dim-tono,true,,Sin zona definida,13,45,,,"Mozilla/5.0 (Linux; Android 10; K) AppleWebKit/537.36 (KHTML, like Gecko) Chrome/154.0.0.0 Mobile Safari/537.36",411x805@2.625
97220b03-8b9f-4887-8d17-fc96f805635c,2f93944f-d4e2-43a8-82fa-bf931ef89921,P06,1,1,2026-10-09T20:33:55.608Z,715570,cards,C3,S02,A,action,,,,,,,,,dim.open,"{""dim"": ""Tono""}","Mozilla/5.0 (Linux; Android 10; K) AppleWebKit/537.36 (KHTML, like Gecko) Chrome/154.0.0.0 Mobile Safari/537.36",411x805@2.625
2cf18190-44c0-4ae8-9665-73cb1f5d416b,2f93944f-d4e2-43a8-82fa-bf931ef89921,P06,1,1,2026-10-09T20:33:55.612Z,715573,cards,C3,S02.dim,A,screen.view,,,,,,,,,,"{""flujo"": ""Descubrir: explorar y guardar""}","Mozilla/5.0 (Linux; Android 10; K) AppleWebKit/537.36 (KHTML, like Gecko) Chrome/154.0.0.0 Mobile Safari/537.36",411x805@2.625
8441b88b-9933-455c-a91b-653413a74477,2f93944f-d4e2-43a8-82fa-bf931ef89921,P06,1,1,2026-10-09T20:34:05.632Z,725594,cards,C3,S02.dim,A,tap,25.9,92.7,S02.dim-entendido,true,,Sin zona definida,14,55.1,,,"Mozilla/5.0 (Linux; Android 10; K) AppleWebKit/537.36 (KHTML, like Gecko) Chrome/154.0.0.0 Mobile Safari/537.36",411x805@2.625
c046907e-e84d-423f-8f79-cdbd7f2f8fb8,2f93944f-d4e2-43a8-82fa-bf931ef89921,P06,1,1,2026-10-09T20:34:05.644Z,725605,cards,C3,S02,A,screen.view,,,,,,,,,,"{""flujo"": ""Descubrir: explorar y guardar""}","Mozilla/5.0 (Linux; Android 10; K) AppleWebKit/537.36 (KHTML, like Gecko) Chrome/154.0.0.0 Mobile Safari/537.36",411x805@2.625
e6ee37d3-e5ef-40f5-8f04-f71786f2224a,2f93944f-d4e2-43a8-82fa-bf931ef89921,P06,1,1,2026-10-09T20:34:06.631Z,726593,cards,C3,S02,A,tap,25.2,61.1,S02.dim-historia,true,,Sin zona definida,15,56.1,,,"Mozilla/5.0 (Linux; Android 10; K) AppleWebKit/537.36 (KHTML, like Gecko) Chrome/154.0.0.0 Mobile Safari/537.36",411x805@2.625
d25d2db6-09f4-42a8-9fbc-d870f92f4918,2f93944f-d4e2-43a8-82fa-bf931ef89921,P06,1,1,2026-10-09T20:34:06.639Z,726600,cards,C3,S02,A,action,,,,,,,,,dim.open,"{""dim"": ""Historia""}","Mozilla/5.0 (Linux; Android 10; K) AppleWebKit/537.36 (KHTML, like Gecko) Chrome/154.0.0.0 Mobile Safari/537.36",411x805@2.625
2fdf31c3-99b2-4ce2-aca4-ae83be36bc3b,2f93944f-d4e2-43a8-82fa-bf931ef89921,P06,1,1,2026-10-09T20:34:06.642Z,726603,cards,C3,S02.dim,A,screen.view,,,,,,,,,,"{""flujo"": ""Descubrir: explorar y guardar""}","Mozilla/5.0 (Linux; Android 10; K) AppleWebKit/537.36 (KHTML, like Gecko) Chrome/154.0.0.0 Mobile Safari/537.36",411x805@2.625
1cd2b517-9400-4e07-9473-30eb56e4e675,2f93944f-d4e2-43a8-82fa-bf931ef89921,P06,1,1,2026-10-09T20:34:15.242Z,735203,cards,C3,S02.dim,A,tap,61,97.7,S02.dim-entendido,true,,Sin zona definida,16,64.7,,,"Mozilla/5.0 (Linux; Android 10; K) AppleWebKit/537.36 (KHTML, like Gecko) Chrome/154.0.0.0 Mobile Safari/537.36",411x805@2.625
c54c670c-5a94-4e78-bd99-440d24af6403,2f93944f-d4e2-43a8-82fa-bf931ef89921,P06,1,1,2026-10-09T20:34:15.252Z,735214,cards,C3,S02,A,screen.view,,,,,,,,,,"{""flujo"": ""Descubrir: explorar y guardar""}","Mozilla/5.0 (Linux; Android 10; K) AppleWebKit/537.36 (KHTML, like Gecko) Chrome/154.0.0.0 Mobile Safari/537.36",411x805@2.625
446a2991-878d-4c40-8e05-43180e4e50ba,2f93944f-d4e2-43a8-82fa-bf931ef89921,P06,1,1,2026-10-09T20:34:17.261Z,737223,cards,C3,S02,A,tap,47.8,80.5,S02.btn-vista,true,,Sin zona definida,17,66.7,,,"Mozilla/5.0 (Linux; Android 10; K) AppleWebKit/537.36 (KHTML, like Gecko) Chrome/154.0.0.0 Mobile Safari/537.36",411x805@2.625
c2cf99fb-4884-453e-95dc-0871195cd7d0,2f93944f-d4e2-43a8-82fa-bf931ef89921,P06,1,1,2026-10-09T20:34:18.104Z,738066,cards,C3,S02,A,tap,50.1,81,S02.btn-vista,true,,Sin zona definida,18,67.5,,,"Mozilla/5.0 (Linux; Android 10; K) AppleWebKit/537.36 (KHTML, like Gecko) Chrome/154.0.0.0 Mobile Safari/537.36",411x805@2.625
bb53c4e6-08d7-4a79-b67f-b37d3927541e,2f93944f-d4e2-43a8-82fa-bf931ef89921,P06,1,1,2026-10-09T20:34:18.793Z,738755,cards,C3,S02,A,tap,51.5,81.6,S02.btn-vista,true,,Sin zona definida,19,68.2,,,"Mozilla/5.0 (Linux; Android 10; K) AppleWebKit/537.36 (KHTML, like Gecko) Chrome/154.0.0.0 Mobile Safari/537.36",411x805@2.625
3f41a10d-8d08-4058-81c5-69243363fa90,2f93944f-d4e2-43a8-82fa-bf931ef89921,P06,1,1,2026-10-09T20:34:19.660Z,739621,cards,C3,S02,A,drag,73.2,65.2,S02.card,true,,Sin zona definida,20,68.7,arriba,"{""dx"": 10, ""dy"": -90, ""ms"": 432}","Mozilla/5.0 (Linux; Android 10; K) AppleWebKit/537.36 (KHTML, like Gecko) Chrome/154.0.0.0 Mobile Safari/537.36",411x805@2.625
71b50dab-d023-413a-81ac-a316e63b4872,2f93944f-d4e2-43a8-82fa-bf931ef89921,P06,1,1,2026-10-09T20:34:20.980Z,740941,cards,C3,S02,A,drag,72.1,65,S02.card,true,,Sin zona definida,21,69.8,arriba,"{""dx"": -16, ""dy"": -370, ""ms"": 686}","Mozilla/5.0 (Linux; Android 10; K) AppleWebKit/537.36 (KHTML, like Gecko) Chrome/154.0.0.0 Mobile Safari/537.36",411x805@2.625
abe0439b-7906-4196-a042-cf146851825d,2f93944f-d4e2-43a8-82fa-bf931ef89921,P06,1,1,2026-10-09T20:34:21.679Z,741640,cards,C3,S02,A,tap,83.6,83.9,S02.btn-quiero,true,,Sin zona definida,22,71.1,,,"Mozilla/5.0 (Linux; Android 10; K) AppleWebKit/537.36 (KHTML, like Gecko) Chrome/154.0.0.0 Mobile Safari/537.36",411x805@2.625
c48d0474-d30b-4ec2-af6a-c3d82dae7c44,2f93944f-d4e2-43a8-82fa-bf931ef89921,P06,1,1,2026-10-09T20:34:21.684Z,741645,cards,C3,S02,A,action,,,,,,,,,mark.ring,"{""dir"": ""right"", ""film"": ""ciudad""}","Mozilla/5.0 (Linux; Android 10; K) AppleWebKit/537.36 (KHTML, like Gecko) Chrome/154.0.0.0 Mobile Safari/537.36",411x805@2.625
eed9dbe0-e02d-49c4-b0c7-8389ca9645ea,2f93944f-d4e2-43a8-82fa-bf931ef89921,P06,1,1,2026-10-09T20:34:22.024Z,741986,cards,C3,S02,A,action,,,,,,,,,match.special,"{""film"": ""ciudad""}","Mozilla/5.0 (Linux; Android 10; K) AppleWebKit/537.36 (KHTML, like Gecko) Chrome/154.0.0.0 Mobile Safari/537.36",411x805@2.625
755a2dbb-2c14-4c2f-baf2-c0618934aa43,2f93944f-d4e2-43a8-82fa-bf931ef89921,P06,1,1,2026-10-09T20:34:22.031Z,741993,cards,C3,S02.match,A,screen.view,,,,,,,,,,"{""flujo"": ""Descubrir: explorar y guardar""}","Mozilla/5.0 (Linux; Android 10; K) AppleWebKit/537.36 (KHTML, like Gecko) Chrome/154.0.0.0 Mobile Safari/537.36",411x805@2.625
0f015353-4e0d-4a6e-b701-2597e7f5c517,2f93944f-d4e2-43a8-82fa-bf931ef89921,P06,1,1,2026-10-09T20:34:26.084Z,746046,cards,C3,S02.match,A,tap,65.6,74.9,S02.match-ir-ver,true,,Sin zona definida,23,75.5,,,"Mozilla/5.0 (Linux; Android 10; K) AppleWebKit/537.36 (KHTML, like Gecko) Chrome/154.0.0.0 Mobile Safari/537.36",411x805@2.625
2f596012-b89b-406c-8279-9d85d41dde52,2f93944f-d4e2-43a8-82fa-bf931ef89921,P06,1,1,2026-10-09T20:34:26.090Z,746051,cards,C3,S02.match,A,action,,,,,,,,,match.ir-ver,,"Mozilla/5.0 (Linux; Android 10; K) AppleWebKit/537.36 (KHTML, like Gecko) Chrome/154.0.0.0 Mobile Safari/537.36",411x805@2.625
903a6bf9-3d58-432d-b379-6c3823e64055,2f93944f-d4e2-43a8-82fa-bf931ef89921,P06,1,1,2026-10-09T20:34:26.105Z,746066,cards,C3,S04,A,screen.view,,,,,,,,,,"{""flujo"": ""Ver: retomar y decidir""}","Mozilla/5.0 (Linux; Android 10; K) AppleWebKit/537.36 (KHTML, like Gecko) Chrome/154.0.0.0 Mobile Safari/537.36",411x805@2.625
5017566e-d608-4e8a-b26f-b3684d83c447,2f93944f-d4e2-43a8-82fa-bf931ef89921,P06,1,1,2026-10-09T20:34:31.178Z,751139,cards,C3,S04,A,drag,84.8,76.9,S04.card,true,,Sin zona definida,24,80.5,arriba,"{""dx"": 35, ""dy"": -77, ""ms"": 166}","Mozilla/5.0 (Linux; Android 10; K) AppleWebKit/537.36 (KHTML, like Gecko) Chrome/154.0.0.0 Mobile Safari/537.36",411x805@2.625
0dadbb0c-a411-4608-82be-c5ac02da4324,2f93944f-d4e2-43a8-82fa-bf931ef89921,P06,1,1,2026-10-09T20:34:32.089Z,752050,cards,C3,S04,A,drag,88,67.1,S04.card,true,,Sin zona definida,25,81.1,izquierda,"{""dx"": -126, ""dy"": 46, ""ms"": 452}","Mozilla/5.0 (Linux; Android 10; K) AppleWebKit/537.36 (KHTML, like Gecko) Chrome/154.0.0.0 Mobile Safari/537.36",411x805@2.625
9fde7fd9-b616-4988-b954-a83e36841d5b,2f93944f-d4e2-43a8-82fa-bf931ef89921,P06,1,1,2026-10-09T20:34:32.089Z,752051,cards,C3,S04,A,action,,,,,,,,,ver.otra,"{""n"": 1, ""film"": ""ciudad""}","Mozilla/5.0 (Linux; Android 10; K) AppleWebKit/537.36 (KHTML, like Gecko) Chrome/154.0.0.0 Mobile Safari/537.36",411x805@2.625
a28b09c0-4a99-44c5-9a50-fe15dc86a044,2f93944f-d4e2-43a8-82fa-bf931ef89921,P06,1,1,2026-10-09T20:34:33.530Z,753492,cards,C3,S04,A,drag,81.9,67.2,S04.card,true,,Sin zona definida,26,82.9,izquierda,"{""dx"": -81, ""dy"": 19, ""ms"": 117}","Mozilla/5.0 (Linux; Android 10; K) AppleWebKit/537.36 (KHTML, like Gecko) Chrome/154.0.0.0 Mobile Safari/537.36",411x805@2.625
d9bbf4d7-9350-4a2b-b6a8-354e2cfafffd,2f93944f-d4e2-43a8-82fa-bf931ef89921,P06,1,1,2026-10-09T20:34:34.107Z,754069,cards,C3,S04,A,drag,80.6,67.3,S04.card,true,,Sin zona definida,27,83.5,izquierda,"{""dx"": -106, ""dy"": 33, ""ms"": 120}","Mozilla/5.0 (Linux; Android 10; K) AppleWebKit/537.36 (KHTML, like Gecko) Chrome/154.0.0.0 Mobile Safari/537.36",411x805@2.625
6b07833c-899e-4563-99c4-feed28ffcc6d,2f93944f-d4e2-43a8-82fa-bf931ef89921,P06,1,1,2026-10-09T20:34:34.108Z,754070,cards,C3,S04,A,action,,,,,,,,,ver.otra,"{""n"": 2, ""film"": ""faro""}","Mozilla/5.0 (Linux; Android 10; K) AppleWebKit/537.36 (KHTML, like Gecko) Chrome/154.0.0.0 Mobile Safari/537.36",411x805@2.625
70a54ec7-774d-4f9c-a23e-fbcd94a5f860,2f93944f-d4e2-43a8-82fa-bf931ef89921,P06,1,1,2026-10-09T20:34:37.455Z,757417,cards,C3,S04,A,drag,65.4,17.2,S04.mood-sufrir,true,,Sin zona definida,28,86.9,izquierda,"{""dx"": -245, ""dy"": -240, ""ms"": 75}","Mozilla/5.0 (Linux; Android 10; K) AppleWebKit/537.36 (KHTML, like Gecko) Chrome/154.0.0.0 Mobile Safari/537.36",411x805@2.625
a7b80796-8e5a-4472-a1ca-9c0c4f71a07b,2f93944f-d4e2-43a8-82fa-bf931ef89921,P06,1,1,2026-10-09T20:34:38.712Z,758674,cards,C3,S04,A,tap,77.3,81.7,S04.btn-verla,true,,Sin zona definida,29,88.1,,,"Mozilla/5.0 (Linux; Android 10; K) AppleWebKit/537.36 (KHTML, like Gecko) Chrome/154.0.0.0 Mobile Safari/537.36",411x805@2.625
d5d524d8-ea12-4b1c-a1b0-82187235beb2,2f93944f-d4e2-43a8-82fa-bf931ef89921,P06,1,1,2026-10-09T20:34:38.722Z,758683,cards,C3,S04,A,action,,,,,,,,,ver.watch,"{""film"": ""ciudad""}","Mozilla/5.0 (Linux; Android 10; K) AppleWebKit/537.36 (KHTML, like Gecko) Chrome/154.0.0.0 Mobile Safari/537.36",411x805@2.625
6453ce51-5050-46f1-b6a1-6cc8f9884b39,2f93944f-d4e2-43a8-82fa-bf931ef89921,P06,1,1,2026-10-09T20:34:38.725Z,758686,cards,C3,S04.sheet-plat,A,screen.view,,,,,,,,,,"{""flujo"": ""Ver: retomar y decidir""}","Mozilla/5.0 (Linux; Android 10; K) AppleWebKit/537.36 (KHTML, like Gecko) Chrome/154.0.0.0 Mobile Safari/537.36",411x805@2.625
4cea31b2-a323-462b-ac20-e448ab1a243b,2f93944f-d4e2-43a8-82fa-bf931ef89921,P06,1,1,2026-10-09T20:34:43.196Z,763157,cards,C3,S04.sheet-plat,A,tap,88,72.7,S04.plat-1,true,,Sin zona definida,30,92.6,,,"Mozilla/5.0 (Linux; Android 10; K) AppleWebKit/537.36 (KHTML, like Gecko) Chrome/154.0.0.0 Mobile Safari/537.36",411x805@2.625
c02eecfe-9ccc-49c0-b98f-fa045c7cecdd,2f93944f-d4e2-43a8-82fa-bf931ef89921,P06,1,1,2026-10-09T20:34:43.204Z,763166,cards,C3,S04.sheet-plat,A,action,,,,,,,,,platform.picked,"{""platform"": ""Prime Video""}","Mozilla/5.0 (Linux; Android 10; K) AppleWebKit/537.36 (KHTML, like Gecko) Chrome/154.0.0.0 Mobile Safari/537.36",411x805@2.625
84b9b4cc-60da-4ddf-9ae3-945139a0cb70,2f93944f-d4e2-43a8-82fa-bf931ef89921,P06,1,1,2026-10-09T20:34:44.105Z,764066,cards,C3,S04.sheet-plat,A,tap,88,79.3,S04.plat-2,true,,Sin zona definida,31,93.5,,,"Mozilla/5.0 (Linux; Android 10; K) AppleWebKit/537.36 (KHTML, like Gecko) Chrome/154.0.0.0 Mobile Safari/537.36",411x805@2.625
1b76c5d2-7ca5-41a5-a1b3-bc08c1229672,2f93944f-d4e2-43a8-82fa-bf931ef89921,P06,1,1,2026-10-09T20:34:44.112Z,764074,cards,C3,S04.sheet-plat,A,action,,,,,,,,,platform.picked,"{""platform"": ""Alquiler""}","Mozilla/5.0 (Linux; Android 10; K) AppleWebKit/537.36 (KHTML, like Gecko) Chrome/154.0.0.0 Mobile Safari/537.36",411x805@2.625
c038274b-b387-47c2-87e8-7fc265d8ae80,2f93944f-d4e2-43a8-82fa-bf931ef89921,P06,1,1,2026-10-09T20:34:44.983Z,764945,cards,C3,S04.sheet-plat,A,drag,76.7,45.2,S04.plat-cerrar,true,,Sin zona definida,32,94.4,arriba,"{""dx"": -274, ""dy"": -395, ""ms"": 53}","Mozilla/5.0 (Linux; Android 10; K) AppleWebKit/537.36 (KHTML, like Gecko) Chrome/154.0.0.0 Mobile Safari/537.36",411x805@2.625
487276e4-15ff-4559-96b1-6b7e119a518d,2f93944f-d4e2-43a8-82fa-bf931ef89921,P06,1,0,2026-10-09T20:34:45.827Z,20,registro,,,U,action,,,,,,,,,session.resume,"{""faseSiguiente"": 1}","Mozilla/5.0 (Linux; Android 10; K) AppleWebKit/537.36 (KHTML, like Gecko) Chrome/154.0.0.0 Mobile Safari/537.36",411x790@2.625
c539b4bb-9b9f-42e0-8c80-3e782c603cee,2f93944f-d4e2-43a8-82fa-bf931ef89921,P06,1,1,2026-10-09T20:34:51.147Z,5340,registro,,,U,phase.start,,,,,,,,,1,,"Mozilla/5.0 (Linux; Android 10; K) AppleWebKit/537.36 (KHTML, like Gecko) Chrome/154.0.0.0 Mobile Safari/537.36",411x805@2.625
364b20e6-4697-462c-8039-d243a4d3ee66,2f93944f-d4e2-43a8-82fa-bf931ef89921,P06,1,1,2026-10-09T20:34:55.163Z,9357,contexto,edad,contexto,U,answer,,,,,,,,,22,,"Mozilla/5.0 (Linux; Android 10; K) AppleWebKit/537.36 (KHTML, like Gecko) Chrome/154.0.0.0 Mobile Safari/537.36",411x805@2.625
66095816-bb45-45fb-b804-dd599980edf0,2f93944f-d4e2-43a8-82fa-bf931ef89921,P06,1,1,2026-10-09T20:34:56.960Z,11153,contexto,genero,contexto,U,answer,,,,,,,,,Mujer,,"Mozilla/5.0 (Linux; Android 10; K) AppleWebKit/537.36 (KHTML, like Gecko) Chrome/154.0.0.0 Mobile Safari/537.36",411x805@2.625
6c1ae257-a9f9-4d16-a01d-bda7ce96996e,2f93944f-d4e2-43a8-82fa-bf931ef89921,P06,1,1,2026-10-09T20:35:01.822Z,16015,contexto,C1,contexto,U,answer,,,,,,,,,Varias veces por semana,,"Mozilla/5.0 (Linux; Android 10; K) AppleWebKit/537.36 (KHTML, like Gecko) Chrome/154.0.0.0 Mobile Safari/537.36",411x805@2.625
e9c9c385-399f-4bb9-baee-dc6065ddeb69,2f93944f-d4e2-43a8-82fa-bf931ef89921,P06,1,1,2026-10-09T20:35:37.375Z,51568,contexto,C2,contexto,U,answer,,,,,,,,,"En Netflix
Disney +
Canales televisivos",,"Mozilla/5.0 (Linux; Android 10; K) AppleWebKit/537.36 (KHTML, like Gecko) Chrome/154.0.0.0 Mobile Safari/537.36",411x805@2.625
832012fb-5b81-4fcd-8e76-d66d19502d31,2f93944f-d4e2-43a8-82fa-bf931ef89921,P06,1,1,2026-10-09T20:35:41.607Z,55800,contexto,C3,contexto,U,answer,,,,,,,,,Redes sociales,,"Mozilla/5.0 (Linux; Android 10; K) AppleWebKit/537.36 (KHTML, like Gecko) Chrome/154.0.0.0 Mobile Safari/537.36",411x805@2.625
f433222e-700f-4c05-97f2-0012611d51d7,2f93944f-d4e2-43a8-82fa-bf931ef89921,P06,1,1,2026-10-09T20:35:50.390Z,64583,contexto,C4,contexto,U,answer,,,,,,,,,Sí,,"Mozilla/5.0 (Linux; Android 10; K) AppleWebKit/537.36 (KHTML, like Gecko) Chrome/154.0.0.0 Mobile Safari/537.36",411x805@2.625
a6a1543f-d098-4d24-8f14-002139d69fa9,2f93944f-d4e2-43a8-82fa-bf931ef89921,P06,1,1,2026-10-09T20:35:55.500Z,69693,contexto,C4b,contexto,U,answer,,,,,,,,,Tiktok e Instagram ,,"Mozilla/5.0 (Linux; Android 10; K) AppleWebKit/537.36 (KHTML, like Gecko) Chrome/154.0.0.0 Mobile Safari/537.36",411x805@2.625
4ba7624e-a739-4347-8445-fde7bf4ecf49,2f93944f-d4e2-43a8-82fa-bf931ef89921,P06,1,1,2026-10-09T20:36:03.130Z,77323,contexto,C5,contexto,U,answer,,,,,,,,,Poco,,"Mozilla/5.0 (Linux; Android 10; K) AppleWebKit/537.36 (KHTML, like Gecko) Chrome/154.0.0.0 Mobile Safari/537.36",411x805@2.625
f9c56680-47ba-44f6-93e6-7aa6f634a6b8,2f93944f-d4e2-43a8-82fa-bf931ef89921,P06,1,1,2026-10-09T20:36:04.539Z,78733,cinco-seg,S04,S04,A,task.start,,,,,,,,,,"{""prueba"": ""5 segundos""}","Mozilla/5.0 (Linux; Android 10; K) AppleWebKit/537.36 (KHTML, like Gecko) Chrome/154.0.0.0 Mobile Safari/537.36",411x805@2.625
3226187f-5069-4504-b2fa-174ec456e9a6,2f93944f-d4e2-43a8-82fa-bf931ef89921,P06,1,1,2026-10-09T20:36:10.012Z,84206,cinco-seg,S04,S04,A,action,,,,,,,,,estimulo.5s,"{""realMs"": 5453, ""pantalla"": ""S04""}","Mozilla/5.0 (Linux; Android 10; K) AppleWebKit/537.36 (KHTML, like Gecko) Chrome/154.0.0.0 Mobile Safari/537.36",411x805@2.625
